state,year,total_households,median_income_household,median_income_family,median_income_married,median_income_nonfamily,mean_income_household,mean_income_family,mean_income_married,mean_income_nonfamily
ALABAMA,2010,1821210,42081,52863,65188,22933,57655,68275,80927,33317
ALASKA,2010,248248,66521,77886,90821,42502,82091,93053,106686,53784
ARIZONA,2010,2326468,50448,59840,70143,33003,67436,77127,88273,45232
ARKANSAS,2010,1117154,39267,48491,57984,22039,53253,62497,72578,31538
CALIFORNIA,2010,12392852,60883,69322,82998,40588,83483,92942,107696,58117
COLORADO,2010,1918959,56456,70046,81153,35617,75264,89099,100749,47659
CONNECTICUT,2010,1359218,67740,84170,99153,38362,94306,112576,130904,53771
DELAWARE,2010,331639,57599,69182,82173,35567,74703,86238,99994,46928
FLORIDA,2010,7152844,47661,57204,67386,30716,66323,77033,88958,43530
GEORGIA,2010,3468704,49347,58790,72342,30698,66620,76702,91178,42337
HAWAII,2010,442267,66420,77245,87266,39069,83037,93549,103946,52392
IDAHO,2010,570283,46423,54689,61184,27298,59460,67887,74663,37201
ILLINOIS,2010,4769951,55735,68236,80723,33299,75140,88178,102342,46957
INDIANA,2010,2465402,47697,58944,68911,27712,61285,72100,82725,36725
IOWA,2010,1215954,48872,61804,69718,27539,61833,74383,82925,36142
KANSAS,2010,1101672,49424,62424,71637,28078,64994,77722,87818,37614
KENTUCKY,2010,1676708,41576,52046,62092,23316,56009,66166,76469,33085
LOUISIANA,2010,1641165,43445,53702,68693,24649,60003,70357,85591,35912
MAINE,2010,551125,46933,58185,66076,26931,60036,71146,79812,37165
MARYLAND,2010,2121047,70647,85098,101893,43790,91454,106643,124707,56529
MASSACHUSETTS,2010,2512552,64509,81165,96167,37606,85897,103038,119828,52668
MICHIGAN,2010,3843997,48432,60341,71532,28344,63692,75399,87197,38459
MINNESOTA,2010,2085917,57243,71307,80814,33431,73561,87853,98520,44200
MISSISSIPPI,2010,1081052,37881,47031,60744,20841,52484,61026,74877,31070
MISSOURI,2010,2349955,46262,57661,67656,26966,61238,72756,83562,36940
MONTANA,2010,401328,43872,55725,62796,25972,56886,68016,75452,35139
NEBRASKA,2010,711771,49342,61888,69944,27833,62707,74985,83878,37082
NEVADA,2010,979621,55726,64418,75072,37722,72112,80889,92515,50999
NEW HAMPSHIRE,2010,513804,63277,76446,85872,36345,79105,91940,101917,48974
NEW JERSEY,2010,3176069,69811,84904,100572,39306,93475,109067,126200,54673
NEW MEXICO,2010,756112,43820,52565,64734,28046,59223,68180,80198,39199
NEW YORK,2010,7205740,55603,67405,82669,34776,80374,93102,111155,53883
NORTH CAROLINA,2010,3626179,45570,56153,67555,27473,61781,72592,84983,38049
NORTH DAKOTA,2010,276642,46781,62920,69952,26089,60581,75645,83619,34769
OHIO,2010,4552270,47358,59680,70937,27366,62205,74164,86431,37331
OKLAHOMA,2010,1421705,42979,53607,63254,25292,58099,68677,79172,34803
OREGON,2010,1499267,49260,60402,69733,30525,64554,75934,86054,41644
PENNSYLVANIA,2010,4940581,50398,63364,73922,27887,67282,80704,92480,39573
RHODE ISLAND,2010,410305,54902,70663,83876,31376,71934,86486,100471,44372
SOUTH CAROLINA,2010,1741994,43939,54223,66954,26035,58941,69172,82501,35688
SOUTH DAKOTA,2010,315468,46369,58958,66724,26227,59729,72049,81220,34380
TENNESSEE,2010,2443475,43314,53246,63921,25589,59212,69725,81490,35575
TEXAS,2010,8539206,49646,58142,70916,31155,68700,78037,91404,43876
UTAH,2010,859158,56330,64013,69817,32535,70375,78490,85190,42454
VERMONT,2010,256612,51841,64135,72966,30315,65886,78467,88190,40893
VIRGINIA,2010,2974481,61406,73514,86545,38339,82584,95703,109976,52759
WASHINGTON,2010,2577375,57244,69328,80044,36369,74331,86528,98047,48826
WEST VIRGINIA,2010,740874,38380,48896,56105,20780,51064,60821,68496,30403
WISCONSIN,2010,2274611,51598,64869,74017,30029,65273,77985,88076,39090
WYOMING,2010,217688,53802,65964,74489,30844,68283,80366,88935,41196
ALABAMA,2011,1831269,42934,54001,66794,23864,59015,69766,82944,34438
ALASKA,2011,252920,69014,80178,93464,44002,84767,95770,109914,56254
ARIZONA,2011,2344215,50752,60237,71149,33128,67885,77760,89426,45358
ARKANSAS,2011,1121386,40149,49791,59555,22497,54723,64332,74759,32362
CALIFORNIA,2011,12433172,61632,70231,84652,40802,85148,94747,110193,59306
COLORADO,2011,1941193,57685,71721,83107,36283,77149,91458,103318,48845
CONNECTICUT,2011,1360115,69243,86395,102568,39503,96502,115289,134627,55429
DELAWARE,2011,332837,59317,71133,84568,36419,76889,88505,102756,48409
FLORIDA,2011,7140096,47827,57592,68450,30804,67065,77996,90431,44051
GEORGIA,2011,3490754,49736,59262,73185,30750,67610,77836,92636,42955
HAWAII,2011,445513,67116,78757,88894,39970,83981,94677,105369,53126
IDAHO,2011,575497,46890,55429,62334,27164,60274,68926,76207,37595
ILLINOIS,2011,4773002,56576,69658,82679,33745,76733,90118,104933,48072
INDIANA,2011,2472870,48393,59857,70313,28377,62491,73536,84555,37699
IOWA,2011,1219137,50451,64000,72257,28194,63845,76914,85875,37271
KANSAS,2011,1104479,50594,64256,73948,28900,66773,80015,90677,38698
KENTUCKY,2011,1681085,42248,53151,63791,23724,57451,68045,78968,33631
LOUISIANA,2011,1675097,44086,55144,71602,25166,61533,72369,88542,36996
MAINE,2011,551601,47898,60021,68245,27264,61967,73780,82796,38243
MARYLAND,2011,2128377,72419,87233,105112,44753,94020,109597,128492,58136
MASSACHUSETTS,2011,2522409,65981,83371,99356,38514,88577,106335,124163,54309
MICHIGAN,2011,3825182,48669,60895,72619,28472,64478,76467,88745,38854
MINNESOTA,2011,2094265,58476,73046,83025,33992,75432,90120,101348,45270
MISSISSIPPI,2011,1085062,38718,48057,62148,21100,53861,62759,77049,31744
MISSOURI,2011,2354104,47202,59020,69738,27483,62979,74778,86179,37988
MONTANA,2011,403495,45324,57616,64997,26773,58849,70321,78077,36636
NEBRASKA,2011,715703,50695,63758,72471,28889,64905,77755,87263,38392
NEVADA,2011,986741,55553,64353,75388,37426,72457,81443,93249,51131
NEW HAMPSHIRE,2011,514869,64664,78310,88522,36570,81537,94782,105553,50038
NEW JERSEY,2011,3180854,71180,86779,103348,39799,95812,111800,129683,56027
NEW MEXICO,2011,762002,44631,53956,66716,28268,60880,70064,82744,40212
NEW YORK,2011,7215687,56951,69202,85392,35540,82698,95697,114573,55708
NORTH CAROLINA,2011,3664119,46291,57171,69297,27901,63298,74432,87472,38831
NORTH DAKOTA,2011,278669,49415,65871,73585,27555,64106,79594,88071,37461
OHIO,2011,4554007,48071,60762,72455,27863,63477,75698,88438,38235
OKLAHOMA,2011,1432735,44287,55296,65387,25924,59961,70786,81663,36049
OREGON,2011,1509554,49850,61302,70853,30922,65589,77040,87382,42509
PENNSYLVANIA,2011,4952566,51651,65105,76327,28775,69282,83126,95608,40813
RHODE ISLAND,2011,410475,55975,72724,86775,32237,74010,89295,104227,45718
SOUTH CAROLINA,2011,1758732,44587,55220,68419,26229,60128,70605,84214,36416
SOUTH DAKOTA,2011,318466,48010,61412,70090,27321,61832,74770,84605,35361
TENNESSEE,2011,2457997,43989,54332,65288,26068,60516,71248,83356,36641
TEXAS,2011,8667807,50920,60004,73319,31812,70777,80423,94455,45240
UTAH,2011,871358,57783,65646,72050,33178,72305,80685,87982,43618
VERMONT,2011,256711,53422,66340,75473,31486,68098,81259,91256,41904
VIRGINIA,2011,2991025,63302,75962,89580,39150,85323,98742,113505,54500
WASHINGTON,2011,2602568,58890,71250,82486,37223,76504,89102,101094,50146
WEST VIRGINIA,2011,740080,39550,50511,58220,21240,52980,63427,71585,31220
WISCONSIN,2011,2279738,52374,66065,75681,30516,66693,79821,90355,39880
WYOMING,2011,219628,56380,69058,77595,32535,70940,83424,92111,43330
ALABAMA,2012,1837576,43160,54326,67602,24241,59273,70237,83631,34788
ALASKA,2012,252991,69917,81752,94935,44228,86208,97631,112075,57551
ARIZONA,2012,2357158,50256,59563,70633,32710,67444,77301,89183,45310
ARKANSAS,2012,1128797,40531,50453,60255,22818,55158,64955,75704,32804
CALIFORNIA,2012,12466331,61400,69883,84974,40843,85265,94829,110665,59392
COLORADO,2012,1962753,58244,72455,83959,36493,77900,92254,104499,49398
CONNECTICUT,2012,1360184,69519,87182,104171,39281,97051,116324,136514,55175
DELAWARE,2012,334076,60119,72069,85827,36618,77453,89415,104191,48607
FLORIDA,2012,7147013,47309,57128,68240,30472,66599,77660,90273,43700
GEORGIA,2012,3508477,49604,59198,73493,30559,67659,77926,93023,43072
HAWAII,2012,447453,67492,79595,89601,40538,84466,95407,106182,53241
IDAHO,2012,577648,47015,55636,62559,27063,59974,68623,75921,37268
ILLINOIS,2012,4774275,56853,70144,83735,33783,77163,90809,105990,48303
INDIANA,2012,2478846,48374,60012,70556,28300,62715,73803,85069,37952
IOWA,2012,1223509,51129,64772,73544,28868,64881,78040,87433,38120
KANSAS,2012,1109391,51273,64731,74805,29546,67564,80888,91942,39612
KENTUCKY,2012,1691716,42610,53833,64855,23874,57876,68559,79795,34071
LOUISIANA,2012,1696499,44673,56047,73324,25408,62369,73466,90306,37629
MAINE,2012,553208,48219,60408,69069,27707,62392,74550,84025,38571
MARYLAND,2012,2138806,72999,88092,106598,45126,94941,110686,130073,58875
MASSACHUSETTS,2012,2525694,66658,84380,101125,38866,89965,108062,126464,55234
MICHIGAN,2012,3818931,48471,60749,72623,28354,64538,76708,89243,38904
MINNESOTA,2012,2101875,59126,74032,84371,34274,76372,91321,102989,45819
MISSISSIPPI,2012,1087791,38882,48300,62785,21375,54176,63148,77815,32155
MISSOURI,2012,2358270,47333,59395,70455,27775,63405,75484,87196,38246
MONTANA,2012,405508,45456,58951,66609,26980,59569,71880,80041,36412
NEBRASKA,2012,721026,51381,64820,74178,29396,65979,79249,89174,39023
NEVADA,2012,992896,54083,62789,73949,36747,70775,79537,91536,50541
NEW HAMPSHIRE,2012,516845,64925,79488,89675,37167,82346,95859,106914,50716
NEW JERSEY,2012,3186878,71637,87389,104628,39774,96602,112730,131149,56473
NEW MEXICO,2012,763844,44886,54221,67387,28198,61477,70760,83745,40777
NEW YORK,2012,7230896,57683,69968,86906,36030,83578,96853,116213,56313
NORTH CAROLINA,2012,3693221,46450,57146,69888,28218,63562,74684,88195,39185
NORTH DAKOTA,2012,282667,51641,68293,76946,30195,67426,83141,92261,40393
OHIO,2012,4555709,48246,61163,73308,27940,63996,76523,89692,38484
OKLAHOMA,2012,1439292,44891,56068,66598,26272,60788,71663,82909,36750
OREGON,2012,1512718,50036,61438,71355,31072,66161,77630,88335,43010
PENNSYLVANIA,2012,4959633,52267,65980,77746,29221,70243,84421,97439,41381
RHODE ISLAND,2012,410639,56102,72872,88243,32127,74605,90262,106064,45919
SOUTH CAROLINA,2012,1768255,44623,55058,68756,26377,60416,70863,84949,36789
SOUTH DAKOTA,2012,320467,49091,62967,71818,28178,63453,76985,87395,36329
TENNESSEE,2012,2468841,44140,54737,65978,26125,60861,71757,83973,36948
TEXAS,2012,8782598,51563,60621,74512,31973,71651,81437,95937,45867
UTAH,2012,880873,58164,66014,72753,33325,73002,81435,88987,44108
VERMONT,2012,256830,54168,67274,76641,31957,69033,82508,92723,42931
VIRGINIA,2012,3006219,63636,76566,90806,39365,86343,99955,115083,55061
WASHINGTON,2012,2619995,59374,71939,83277,37441,77232,90148,102285,50463
WEST VIRGINIA,2012,742674,40400,51770,59930,21673,54072,64914,73471,31966
WISCONSIN,2012,2286339,52627,66415,76439,30585,67188,80551,91400,40289
WYOMING,2012,221479,56573,70013,78694,32245,70836,83409,92550,43328
ALABAMA,2013,1838683,43253,54362,67834,24332,59631,70661,84383,35032
ALASKA,2013,251899,70760,82870,95963,44200,87235,99002,113339,57785
ARIZONA,2013,2370289,49774,58897,70523,32315,66971,76682,88809,45022
ARKANSAS,2013,1129723,40768,50759,60778,23120,55749,65633,76643,33302
CALIFORNIA,2013,12542460,61094,69661,85024,40611,85408,94926,111056,59554
COLORADO,2013,1977591,58433,72687,84486,36615,78383,92644,105093,50001
CONNECTICUT,2013,1355849,69461,87245,104603,39297,97650,117094,137571,55498
DELAWARE,2013,335707,59878,71811,86158,36522,77915,89888,105040,49014
FLORIDA,2013,7158980,46956,56738,68025,30211,66368,77438,90260,43516
GEORGIA,2013,3518097,49179,58755,73295,30307,67572,77878,93253,42949
HAWAII,2013,449771,67402,79963,89614,40598,84933,95757,106278,53800
IDAHO,2013,579797,46767,55905,62766,26853,60192,69270,76731,36631
ILLINOIS,2013,4772723,56797,70344,84237,33666,77660,91452,106964,48604
INDIANA,2013,2481793,48248,59911,70799,28292,62988,74058,85760,38260
IOWA,2013,1226547,51843,65802,75078,29511,66136,79574,89388,39009
KANSAS,2013,1110440,51332,65069,75187,29612,68051,81598,92779,39710
KENTUCKY,2013,1694996,43036,54279,65556,24130,58621,69402,80880,34520
LOUISIANA,2013,1707852,44874,56288,74301,25539,62773,73921,91118,38227
MAINE,2013,553823,48453,61107,70070,27527,63143,75527,85320,38866
MARYLAND,2013,2146240,73538,88738,107442,45696,96072,111740,131378,59835
MASSACHUSETTS,2013,2530147,66866,84900,102264,38862,90877,109134,128198,55785
MICHIGAN,2013,3823280,48411,60793,72941,28358,64753,77082,90034,38996
MINNESOTA,2013,2107232,59836,74683,85316,34624,77204,92087,103997,46575
MISSISSIPPI,2013,1088073,39031,48471,62833,21448,54132,63155,77990,32053
MISSOURI,2013,2360131,47380,59527,70665,27942,63756,75926,87859,38520
MONTANA,2013,405525,46230,59743,67514,27088,60639,73302,81963,36996
NEBRASKA,2013,725787,51672,65328,75243,30047,67023,80519,90997,39574
NEVADA,2013,999016,52800,61359,72959,35702,69629,78302,90445,49755
NEW HAMPSHIRE,2013,518245,64916,79886,89729,37039,82935,96947,108242,50868
NEW JERSEY,2013,3186418,71629,87347,105286,39789,97225,113394,132496,56748
NEW MEXICO,2013,761938,44927,54513,67931,28110,61682,71019,84426,41000
NEW YORK,2013,7234743,58003,70670,88029,36179,84432,97941,117730,56842
NORTH CAROLINA,2013,3715565,46334,56928,70197,28196,63707,74863,88728,39406
NORTH DAKOTA,2013,287270,53741,70767,79820,31330,70235,86449,95868,42235
OHIO,2013,4557655,48308,61371,73925,28128,64449,77195,90649,38806
OKLAHOMA,2013,1444081,45339,56464,67224,26653,61481,72367,84066,37465
OREGON,2013,1516456,50229,61609,71877,31120,66666,78028,89051,43554
PENNSYLVANIA,2013,4958427,52548,66646,78817,29507,71088,85586,98874,41982
RHODE ISLAND,2013,410058,56361,72717,88952,32838,75749,91452,108807,46425
SOUTH CAROLINA,2013,1780251,44779,55058,69006,26415,60601,70910,85106,37233
SOUTH DAKOTA,2013,323136,49495,63195,72910,28860,64133,77395,88138,37407
TENNESSEE,2013,2475195,44298,54779,66221,26320,61291,72143,84564,37398
TEXAS,2013,8886471,51900,61066,75302,32354,72474,82269,97042,46631
UTAH,2013,886770,58821,66646,73620,33410,73717,82055,89753,44885
VERMONT,2013,257004,54267,68111,77974,32016,69716,83752,94374,42870
VIRGINIA,2013,3022739,63907,76754,91501,39685,87094,100723,116195,55649
WASHINGTON,2013,2629126,59478,72168,83726,37326,77827,90849,103269,50635
WEST VIRGINIA,2013,741390,41043,52165,60750,22109,55308,66206,75054,32946
WISCONSIN,2013,2288332,52413,66534,76824,30738,67448,81039,92185,40660
WYOMING,2013,222846,57406,70868,80260,32597,71081,83142,92376,44442
ALABAMA,2014,1842174,43511,54724,68721,24650,60205,71423,85513,35361
ALASKA,2014,251678,71829,83714,97380,44885,88583,100099,114334,59869
ARIZONA,2014,2387246,49928,59088,70933,32459,67557,77415,90011,45348
ARKANSAS,2014,1132488,41264,51464,61974,23520,56824,66972,78339,34066
CALIFORNIA,2014,12617280,61489,70187,85968,40639,86704,96357,113060,60326
COLORADO,2014,1998314,59448,73817,85888,37046,79990,94432,107394,51166
CONNECTICUT,2014,1356206,69899,88217,105904,39584,99110,119176,140350,56295
DELAWARE,2014,339046,60231,72683,87011,36747,78589,90884,106025,49685
FLORIDA,2014,7217508,47212,57176,68782,30319,67143,78507,91706,43903
GEORGIA,2014,3540690,49342,59068,74017,30623,68317,78856,94684,43375
HAWAII,2014,450299,68201,80371,90047,41196,85972,96857,107403,54476
IDAHO,2014,585259,47334,56922,64066,26921,61544,71149,78916,37045
ILLINOIS,2014,4778633,57166,70967,85287,34050,78521,92664,108555,49026
INDIANA,2014,2492183,48737,60440,71627,28641,63736,75012,87087,38734
IOWA,2014,1232228,52716,66829,76255,29996,67621,81424,91551,39933
KANSAS,2014,1112335,51872,65804,76277,30021,69271,83035,94363,40490
KENTUCKY,2014,1702235,43342,54928,66385,24435,59312,70337,82027,35145
LOUISIANA,2014,1718876,44991,56755,75308,25757,63565,75064,92745,38576
MAINE,2014,553086,48804,61824,71282,27714,64327,76851,87008,39891
MARYLAND,2014,2155983,74149,89416,108757,46090,97135,112955,133213,60380
MASSACHUSETTS,2014,2538485,67846,86132,104231,39227,92850,111411,131221,56995
MICHIGAN,2014,3827880,49087,61684,74199,28923,65790,78408,91781,39704
MINNESOTA,2014,2115337,60828,76190,87135,35157,79106,94560,106978,47418
MISSISSIPPI,2014,1092627,39464,49125,63949,21748,54881,64194,79402,32232
MISSOURI,2014,2361232,47764,60414,71613,28051,64703,77368,89450,38891
MONTANA,2014,407797,46766,60581,68505,27657,62086,75070,83975,38125
NEBRASKA,2014,731347,52400,66188,76521,30483,68081,81503,92350,40406
NEVADA,2014,1005958,52205,61081,72566,35054,69351,78301,90535,49233
NEW HAMPSHIRE,2014,519580,65986,80812,91617,37473,84480,98683,110691,51692
NEW JERSEY,2014,3188498,72062,87999,106425,40065,98286,114618,134079,57421
NEW MEXICO,2014,764684,44968,54801,68452,28122,62136,71580,85235,41322
NEW YORK,2014,7255528,58687,71419,89448,36679,85736,99640,120033,57567
NORTH CAROLINA,2014,3742514,46693,57328,71000,28643,64555,75892,90134,39938
NORTH DAKOTA,2014,292616,55579,72770,82236,32577,73272,90140,100467,44346
OHIO,2014,4570015,48849,62104,75214,28537,65491,78539,92493,39499
OKLAHOMA,2014,1450117,46235,57299,68248,27093,62871,73941,85809,38395
OREGON,2014,1522988,50521,61890,72497,31435,67671,79373,90754,44095
PENNSYLVANIA,2014,4957736,53115,67521,80207,30032,72210,86912,100640,42808
RHODE ISLAND,2014,409569,56423,73217,90154,32619,76618,92281,110244,47373
SOUTH CAROLINA,2014,1795715,45033,55506,69710,26593,61196,71602,86082,37884
SOUTH DAKOTA,2014,327101,50338,64636,74796,29688,65425,78762,89756,38804
TENNESSEE,2014,2487349,44621,55459,67324,26489,62344,73630,86519,37742
TEXAS,2014,9013582,52576,61958,76626,33011,73913,83936,99169,47642
UTAH,2014,896194,59846,67612,75007,33595,75204,83673,91587,45729
VERMONT,2014,257252,54447,68787,79099,32292,70524,85013,96127,43328
VIRGINIA,2014,3041710,64792,77939,93019,39930,88413,102254,118060,56613
WASHINGTON,2014,2645396,60294,73039,84765,37640,79195,92527,105180,51493
WEST VIRGINIA,2014,742359,41576,52875,62061,22590,55976,67024,76189,33501
WISCONSIN,2014,2293250,52738,67232,77864,31143,68319,82125,93709,41231
WYOMING,2014,225514,58252,72086,81531,33857,72367,84442,94190,46403
ALABAMA,2015,1848325,43623,55341,69231,24626,60511,71994,86132,35436
ALASKA,2015,250969,72515,84232,98004,45789,89746,100810,115369,61977
ARIZONA,2015,2412212,50255,59480,71490,32283,68297,78365,91195,45752
ARKANSAS,2015,1138025,41371,51782,62183,23543,57304,67812,79172,34217
CALIFORNIA,2015,12717801,61818,70720,86542,40876,87877,97665,114663,61200
COLORADO,2015,2024468,60629,74826,86753,37978,81635,96206,109188,52329
CONNECTICUT,2015,1352583,70331,89031,107055,40013,99992,120409,141996,56590
DELAWARE,2015,344022,60509,72993,87353,37175,79262,91588,106904,50455
FLORIDA,2015,7300494,47507,57504,69366,30475,67975,79510,92990,44388
GEORGIA,2015,3574362,49620,59410,74378,30883,69010,79648,95509,43980
HAWAII,2015,450572,69515,80778,90635,41355,87329,98273,108907,54698
IDAHO,2015,589320,47583,57573,64914,27072,62311,72438,80444,36989
ILLINOIS,2015,4786388,57574,71546,86045,34356,79556,94076,110235,49637
INDIANA,2015,2501937,49255,61119,72484,29056,64649,76352,88755,39064
IOWA,2015,1236409,53183,67466,77166,30166,68446,82413,92823,40564
KANSAS,2015,1113472,52205,66389,76947,30220,70093,84265,95761,40750
KENTUCKY,2015,1708499,43740,55367,66861,24802,60031,71153,83009,35716
LOUISIANA,2015,1727919,45047,57144,75887,25719,63904,75804,93697,38784
MAINE,2015,553284,49331,62279,71983,27780,64985,77831,87840,39999
MARYLAND,2015,2166389,74551,90089,109228,46429,97801,113668,133988,61007
MASSACHUSETTS,2015,2549721,68563,87085,105557,39687,94143,112945,133020,57923
MICHIGAN,2015,3841148,49576,62247,75133,29391,66760,79572,93171,40543
MINNESOTA,2015,2124745,61492,77055,88259,35623,80444,96258,108921,48032
MISSISSIPPI,2015,1096593,39665,49274,64377,21845,54906,64296,79692,32337
MISSOURI,2015,2364688,48173,60809,72151,28513,65312,77951,90253,39654
MONTANA,2015,409394,47169,61271,69209,27458,63139,76701,85719,38385
NEBRASKA,2015,736613,52997,67225,77573,30899,69392,83230,94241,41297
NEVADA,2015,1016709,51847,60916,72123,34648,69150,78418,90737,48813
NEW HAMPSHIRE,2015,520251,66779,81726,92527,37499,85727,100306,112566,52139
NEW JERSEY,2015,3189486,72093,88335,106656,39809,99026,115568,135217,57536
NEW MEXICO,2015,763603,44963,55049,68794,27466,62215,72050,85832,41094
NEW YORK,2015,7262279,59269,71913,90257,36916,86825,100948,121531,58432
NORTH CAROLINA,2015,3775581,46868,57856,71565,28639,65338,77040,91373,40207
NORTH DAKOTA,2015,299638,57181,74708,84437,33751,76185,93044,103913,47072
OHIO,2015,4585084,49429,62817,76253,29023,66409,79891,94175,39978
OKLAHOMA,2015,1455321,46879,58029,69279,27275,63890,75271,87596,38757
OREGON,2015,1533430,51243,62964,73762,31848,69040,80948,92465,45100
PENNSYLVANIA,2015,4958859,53599,68158,81033,30477,73175,87959,101982,43554
RHODE ISLAND,2015,410602,56852,74045,90934,32868,77111,92689,110574,47699
SOUTH CAROLINA,2015,1815094,45483,56343,70444,26824,61987,72700,87020,38294
SOUTH DAKOTA,2015,330858,50957,65237,75459,30316,66404,80037,91427,39198
TENNESSEE,2015,2504556,45219,56110,68054,26875,63339,74677,87730,38755
TEXAS,2015,9149196,53207,62717,77641,33473,75264,85545,101068,48417
UTAH,2015,906292,60727,68817,76089,34687,76531,85159,93244,46581
VERMONT,2015,257167,55176,70027,80510,32828,71392,86245,97375,44235
VIRGINIA,2015,3062783,65015,78390,93384,40158,88955,102966,118926,57024
WASHINGTON,2015,2668912,61062,74025,85828,37909,80789,94338,107196,52535
WEST VIRGINIA,2015,740890,41751,52866,62297,23027,56425,67421,76848,34022
WISCONSIN,2015,2299107,53357,68064,78756,31395,69333,83469,95129,41852
WYOMING,2015,226865,58840,73194,82177,34317,73477,85229,94761,48722
ALABAMA,2016,1851061,44758,56828,70945,25046,62061,74189,88616,36128
ALASKA,2016,250235,74444,87365,101264,47586,92191,103495,117787,63871
ARIZONA,2016,2448919,51340,61001,73245,33026,70432,80861,93952,47101
ARKANSAS,2016,1141480,42336,53123,63933,24202,58850,69867,81500,35008
CALIFORNIA,2016,12807387,63783,72952,89326,41858,91149,101373,118866,63209
COLORADO,2016,2051616,62520,77130,89035,39418,84384,99363,112338,54136
CONNECTICUT,2016,1354713,71755,91274,109657,40537,102616,123803,145850,57865
DELAWARE,2016,348051,61017,73831,87936,37383,80432,93114,108292,51260
FLORIDA,2016,7393262,48900,59139,71059,31149,69936,81708,95407,45799
GEORGIA,2016,3611706,51037,61328,76671,31611,71420,82647,99014,45115
HAWAII,2016,452030,71977,83451,93889,41693,91169,102538,113306,57080
IDAHO,2016,596107,49174,59652,66700,27918,64513,75141,83198,38465
ILLINOIS,2016,4802124,59196,73714,88666,35106,81865,97197,113775,50656
INDIANA,2016,2513828,50433,62748,74526,29856,66480,78680,91330,40226
IOWA,2016,1242641,54570,69419,79468,30838,70708,85136,95909,42056
KANSAS,2016,1115858,53571,68231,78860,30805,71975,86732,98278,41511
KENTUCKY,2016,1718217,44811,56522,68668,25668,61757,73193,85326,37044
LOUISIANA,2016,1731398,45652,58068,76846,26350,65229,77509,95762,39832
MAINE,2016,551109,50826,64294,74059,29166,67011,80057,90195,41718
MARYLAND,2016,2177492,76067,92049,111275,46978,100071,116461,137018,62164
MASSACHUSETTS,2016,2558889,70954,90180,108698,40726,97295,116766,137400,59709
MICHIGAN,2016,3860394,50803,63958,77110,30261,68928,82348,96369,41807
MINNESOTA,2016,2135310,63217,79595,91007,36468,83100,99626,112473,49413
MISSISSIPPI,2016,1098803,40528,50592,66340,22204,56358,66185,81818,33111
MISSOURI,2016,2372362,49593,62285,74004,29452,67210,80299,92849,40834
MONTANA,2016,412653,48380,63214,71539,28320,65401,79987,89345,39119
NEBRASKA,2016,741581,54384,69207,79938,31490,71166,85571,97006,42104
NEVADA,2016,1030701,53094,62528,74341,35259,70855,80671,93512,49568
NEW HAMPSHIRE,2016,521373,68485,83709,94876,38783,87900,103069,115147,53395
NEW JERSEY,2016,3195014,73702,90757,109338,40569,101634,118771,138863,58783
NEW MEXICO,2016,762551,45674,55900,69765,28148,63057,73277,87094,41677
NEW YORK,2016,7266187,60741,74036,92514,37716,89397,104233,125272,59813
NORTH CAROLINA,2016,3815392,48256,59667,73349,29633,67367,79446,93966,41625
NORTH DAKOTA,2016,305163,59114,77277,86919,35176,78828,96309,107344,49357
OHIO,2016,4601449,50674,64433,78321,29947,68341,82269,97066,41193
OKLAHOMA,2016,1461500,48038,59742,70973,28082,65458,77212,89754,39659
OREGON,2016,1545745,53270,65479,76663,32825,72013,84441,96338,47021
PENNSYLVANIA,2016,4961929,54895,69960,82969,31235,75235,90446,104769,44913
RHODE ISLAND,2016,410240,58387,75655,93371,33407,79024,95033,113357,49079
SOUTH CAROLINA,2016,1839041,46898,58158,72386,27613,64115,75385,90142,39592
SOUTH DAKOTA,2016,333536,52078,66825,77139,31112,68419,82370,93769,40940
TENNESSEE,2016,2522204,46574,57747,70066,27636,65368,77112,90455,39913
TEXAS,2016,9289554,54727,64585,79930,34543,77585,88231,104140,49896
UTAH,2016,918367,62518,71058,78302,35780,79414,88127,96125,48660
VERMONT,2016,257107,56104,71465,82247,33129,73016,88340,99828,45257
VIRGINIA,2016,3090178,66149,80068,95215,40812,90881,105488,121766,57852
WASHINGTON,2016,2696606,62848,76507,88592,39131,84022,98185,111389,54528
WEST VIRGINIA,2016,739397,42644,54409,63984,23756,57779,68895,78693,35006
WISCONSIN,2016,2310246,54610,69925,80798,32060,71459,85975,97913,43382
WYOMING,2016,226985,59143,73654,83196,33857,74667,86557,96248,49100
ALABAMA,2017,1856695,46472,59115,73402,25802,64476,77153,91953,37491
ALASKA,2017,252536,76114,88949,103132,49522,94469,105989,120252,65398
ARIZONA,2017,2482311,53510,63812,76431,34489,73735,84851,98219,48975
ARKANSAS,2017,1147291,43813,54923,66356,25095,61330,72907,85038,36349
CALIFORNIA,2017,12888128,67169,76975,93800,43710,96104,106970,125039,66344
COLORADO,2017,2082531,65458,80654,92903,41191,88388,104091,117419,56716
CONNECTICUT,2017,1361755,73781,93800,112476,41775,105998,127991,150354,60033
DELAWARE,2017,352357,63036,76346,90580,38209,84146,97654,113394,53227
FLORIDA,2017,7510882,50883,61442,73832,32206,72993,85154,99173,47770
GEORGIA,2017,3663104,52977,64053,79797,32653,74763,86636,103364,46938
HAWAII,2017,455502,74923,87024,97967,42304,95569,107549,118976,59190
IDAHO,2017,609124,50985,62196,69414,29089,67338,78948,87396,39715
ILLINOIS,2017,4818452,61229,76533,91973,36233,85262,101360,118479,52753
INDIANA,2017,2537189,52182,65227,77574,30763,69197,82057,95182,41800
IOWA,2017,1251587,56570,72270,82472,32000,73510,88682,99780,43782
KANSAS,2017,1121943,55477,70711,81614,31524,74633,89979,101826,42745
KENTUCKY,2017,1724514,46535,59003,71165,26651,64436,76499,88828,38624
LOUISIANA,2017,1737645,46710,60064,78866,26818,66861,79831,98131,40431
MAINE,2017,554061,53024,67340,77431,30185,70210,83796,94123,43782
MARYLAND,2017,2181093,78916,95597,115030,48872,103845,120839,141719,64477
MASSACHUSETTS,2017,2585715,74167,94110,113415,42119,101858,121984,143200,62626
MICHIGAN,2017,3888646,52668,66653,80246,31333,72091,86137,100588,43847
MINNESOTA,2017,2153202,65699,82785,94511,37740,86796,104103,117251,51598
MISSISSIPPI,2017,1103514,42009,52689,68796,23155,58371,68673,84381,34356
MISSOURI,2017,2386203,51542,64776,76870,30628,70144,83724,96530,42729
MONTANA,2017,419975,50801,65843,74507,29676,68622,83860,93300,41259
NEBRASKA,2017,748405,56675,72191,83080,32822,74309,89487,101246,43711
NEVADA,2017,1052249,55434,65469,77564,36167,73862,84382,97493,51036
NEW HAMPSHIRE,2017,526710,71305,86949,98840,39721,91605,107500,119816,55238
NEW JERSEY,2017,3199111,76475,94337,113655,41692,105917,123936,144655,60767
NEW MEXICO,2017,770435,46718,57436,71988,28904,64625,75588,89980,42306
NEW YORK,2017,7302710,62765,77141,96006,38931,93443,109230,130924,61983
NORTH CAROLINA,2017,3874346,50320,62195,76241,30655,70523,83338,98209,43301
NORTH DAKOTA,2017,311525,61285,80091,89787,35907,81334,99878,111105,50416
OHIO,2017,4633145,52407,66885,81198,30986,71119,85559,100819,42939
OKLAHOMA,2017,1468971,49767,61541,73297,28922,67682,79941,92891,40903
OREGON,2017,1571631,56119,69031,80226,34410,75851,89078,101306,49274
PENNSYLVANIA,2017,5007442,56951,72692,85968,31984,78192,94204,108868,46485
RHODE ISLAND,2017,412028,61043,79043,96435,34424,82407,98954,117514,51236
SOUTH CAROLINA,2017,1871307,48781,60643,74965,28737,66759,78694,93826,41086
SOUTH DAKOTA,2017,339458,54126,69425,80031,32038,71085,85600,97530,42940
TENNESSEE,2017,2547194,48708,60217,72808,28909,68386,80742,94604,41608
TEXAS,2017,9430419,57051,67344,83009,35845,80879,91977,108340,51855
UTAH,2017,938365,65325,74287,81967,36984,83147,92425,100840,50646
VERMONT,2017,258535,57808,74068,84801,33960,75621,91891,103636,46545
VIRGINIA,2017,3105636,68766,83164,98850,41942,94229,109435,125982,59893
WASHINGTON,2017,2755697,66174,80233,92675,40950,88563,103318,116910,57323
WEST VIRGINIA,2017,737671,44061,55949,66001,24443,59634,70948,81204,35963
WISCONSIN,2017,2328754,56759,72542,83719,33457,74372,89382,101671,45257
WYOMING,2017,230237,60938,75602,84907,35095,76731,89174,98808,50596
ALABAMA,2018,1860269,48486,62030,76782,26388,67243,80678,95856,39105
ALASKA,2018,253462,76715,90284,104756,50267,96499,108301,122797,67164
ARIZONA,2018,2524300,56213,66988,79677,36108,77221,88911,102667,51290
ARKANSAS,2018,1152175,45726,57065,69308,26017,64272,76371,89308,37953
CALIFORNIA,2018,12965435,71228,81416,98712,46013,101493,113046,131797,69839
COLORADO,2018,2113387,68811,84540,97189,42994,92520,109258,123025,59151
CONNECTICUT,2018,1367374,76106,97310,116972,43213,109693,132796,156300,62336
DELAWARE,2018,357765,65627,79814,93644,39382,86962,101100,116828,54924
FLORIDA,2018,7621760,53267,64312,77161,33682,76652,89399,103938,50173
GEORGIA,2018,3709488,55679,67405,83784,34395,78574,91173,108774,49224
HAWAII,2018,456782,78084,90935,101951,43679,99765,112416,123975,61076
IDAHO,2018,618331,53089,64723,72337,30465,70620,82865,91887,41834
ILLINOIS,2018,4830038,63575,79747,95797,37598,88857,105865,123608,54841
INDIANA,2018,2553818,54325,68054,80771,31727,71912,85472,99169,43282
IOWA,2018,1256855,58580,74794,85265,33108,75951,91704,103190,45352
KANSAS,2018,1124549,57422,73222,84567,32437,77509,93587,106111,44653
KENTUCKY,2018,1728681,48392,61059,73808,27998,67110,79553,92564,40583
LOUISIANA,2018,1736021,47942,61785,81100,27387,68823,82523,101306,41550
MAINE,2018,556955,55425,70370,80674,31591,73210,87523,98111,45780
MARYLAND,2018,2192518,81868,99403,119293,50246,107482,125351,146637,66365
MASSACHUSETTS,2018,2601914,77378,98625,118379,43978,106627,128072,149926,65194
MICHIGAN,2018,3909509,54938,69691,83604,32341,75352,90116,105046,45891
MINNESOTA,2018,2167801,68411,86204,98622,39557,90600,109028,122705,53432
MISSISSIPPI,2018,1105576,43567,54933,71939,24171,60640,71577,87760,35947
MISSOURI,2018,2396271,53560,67612,80183,31596,73145,87430,100712,44498
MONTANA,2018,423240,52559,68139,76945,30987,70959,86881,96335,43096
NEBRASKA,2018,754063,59116,75123,86281,34072,77278,93333,105412,45191
NEVADA,2018,1075930,57598,68700,81108,37250,77319,88777,102349,52890
NEW HAMPSHIRE,2018,528078,74057,91245,103111,40954,95876,112822,125370,57837
NEW JERSEY,2018,3213362,79363,98047,117666,43034,110140,129025,150258,63080
NEW MEXICO,2018,775651,48059,59175,73379,29413,66565,78165,92985,43262
NEW YORK,2018,7316537,65323,80419,99787,40403,97424,114090,136373,64251
NORTH CAROLINA,2018,3918597,52413,65097,79729,31655,73753,87271,102741,45208
NORTH DAKOTA,2018,314903,63473,83272,93643,37577,84043,103731,115706,51729
OHIO,2018,4654075,54533,69837,84407,31989,74109,89168,105028,45022
OKLAHOMA,2018,1474620,51424,63574,75771,29954,70262,82950,96186,42443
OREGON,2018,1591835,59393,72823,84336,36307,80040,94186,106829,51716
PENNSYLVANIA,2018,5025132,59445,75477,89561,33403,81549,97993,113251,48752
RHODE ISLAND,2018,410885,63296,81822,99603,35959,85527,102894,121692,53346
SOUTH CAROLINA,2018,1894711,51015,63437,78260,29906,70093,82909,98637,42772
SOUTH DAKOTA,2018,341565,56499,72706,83059,33085,73768,89092,101280,44375
TENNESSEE,2018,2567061,50972,63096,76120,30223,71458,84434,98645,43652
TEXAS,2018,9553046,59570,70423,86102,37139,84221,96001,112823,53665
UTAH,2018,957619,68374,77732,85652,38643,87053,96935,105701,52796
VERMONT,2018,259589,60076,77193,87567,35479,78472,95100,107036,49026
VIRGINIA,2018,3128415,71564,86628,102551,43168,98000,114218,131273,61812
WASHINGTON,2018,2800423,70116,84182,97444,43327,93847,109100,123325,61081
WEST VIRGINIA,2018,734676,44921,57598,67860,25084,61225,73168,83590,36687
WISCONSIN,2018,2343129,59209,75313,86988,34971,77687,93565,106321,47155
WYOMING,2018,230630,62268,77480,86789,35713,79257,92743,102642,51485
ALABAMA,2019,1867893,50536,64430,79819,27335,69842,83896,99369,40857
ALASKA,2019,253346,77640,92588,107269,50535,98606,111717,126673,67359
ARIZONA,2019,2571268,58945,70184,83360,37744,80779,93002,107342,53575
ARKANSAS,2019,1158071,47597,59455,72054,26714,66557,79134,92232,39301
CALIFORNIA,2019,13044266,75235,85837,103485,48507,106916,119126,138522,73495
COLORADO,2019,2148994,72331,88931,101735,45537,96970,114593,128486,62145
CONNECTICUT,2019,1370746,78444,100418,120623,44873,113031,137002,161335,64068
DELAWARE,2019,363322,68287,83127,96827,40968,90092,105114,121134,56674
FLORIDA,2019,7736311,55660,67414,80660,35391,80286,93531,108611,52561
GEORGIA,2019,3758798,58700,70851,87653,36069,82406,95812,114241,51521
HAWAII,2019,459424,81275,94982,105935,45899,103780,117075,128953,64025
IDAHO,2019,630008,55785,67762,75919,31941,73810,86668,95631,43686
ILLINOIS,2019,4846134,65886,83279,99963,39188,92395,110401,128878,56939
INDIANA,2019,2570419,56303,71164,84069,32653,75025,89571,103601,45089
IOWA,2019,1265473,60523,77099,88113,34673,78411,94695,106659,46929
KANSAS,2019,1129227,59597,75976,87416,33850,80009,96737,109506,46355
KENTUCKY,2019,1734618,50589,63684,76922,29385,70144,83043,96565,42778
LOUISIANA,2019,1739497,49469,63572,83800,28045,71001,85218,104684,42943
MAINE,2019,559921,57918,73756,84101,32825,76227,91617,102422,47398
MARYLAND,2019,2205204,84805,103108,123271,51413,111417,130482,152192,68256
MASSACHUSETTS,2019,2617497,81215,103126,123694,46467,111498,133746,156038,68415
MICHIGAN,2019,3935041,57144,72600,86923,33711,78400,93955,109389,47776
MINNESOTA,2019,2185603,71306,89842,102568,41310,93925,113077,127117,55679
MISSISSIPPI,2019,1104394,45081,57008,74212,24795,62835,74380,90876,37437
MISSOURI,2019,2414521,55461,70398,83329,32626,76060,91107,104857,46289
MONTANA,2019,427871,54970,71079,80251,32103,74190,90757,100418,45003
NEBRASKA,2019,759176,61439,78212,89705,35499,80208,97347,109700,46805
NEVADA,2019,1098602,60365,71916,84821,39055,81496,93624,108259,55598
NEW HAMPSHIRE,2019,532037,76768,95244,106754,42697,99165,117422,130134,58933
NEW JERSEY,2019,3231874,82545,102260,121984,45065,114691,134704,156452,65473
NEW MEXICO,2019,780249,49754,61102,76160,30714,69077,81023,96845,45249
NEW YORK,2019,7343234,68486,84385,104012,41953,101945,119540,142555,67186
NORTH CAROLINA,2019,3965482,54602,68435,83332,32906,76940,91227,107219,47033
NORTH DAKOTA,2019,318322,64894,86249,96825,38642,85476,105819,117934,52462
OHIO,2019,4676358,56602,72439,87575,33281,76958,92726,109123,46828
OKLAHOMA,2019,1480061,52919,65544,78628,30968,72695,85847,99667,44137
OREGON,2019,1611982,62818,76946,88848,38669,84258,98950,111836,54883
PENNSYLVANIA,2019,5053106,61744,78521,92955,34819,84849,102124,118038,50713
RHODE ISLAND,2019,410489,67167,86258,104019,37880,89093,108155,127261,54143
SOUTH CAROLINA,2019,1921862,53199,66357,81518,31063,73520,87127,103302,44840
SOUTH DAKOTA,2019,344397,58275,75168,86263,34497,76240,92017,104553,46026
TENNESSEE,2019,2597292,53320,66242,79694,31561,74750,88501,103145,45524
TEXAS,2019,9691647,61874,73349,89626,38841,87260,99605,116886,55409
UTAH,2019,977313,71621,81525,89947,40973,91292,101666,110833,55532
VERMONT,2019,260029,61973,80998,91926,36439,81233,99437,111622,50324
VIRGINIA,2019,3151045,74222,90141,106477,44781,101746,118940,136615,63832
WASHINGTON,2019,2848396,73775,88660,102341,45823,98983,114940,129918,64637
WEST VIRGINIA,2019,732585,46711,59607,70774,25955,63680,75996,87040,38392
WISCONSIN,2019,2358156,61747,78679,90612,36528,80674,97431,110447,49088
WYOMING,2019,230101,64049,79782,89000,36637,81880,95869,105836,52740
