state,year,population_16_plus,in_labor_force_16_plus,employed_16_plus,unemployment_rate_total,unemployment_rate_male,unemployment_rate_female,unemployment_rate_age_16_19,unemployment_rate_age_20_24,unemployment_rate_age_25_44,unemployment_rate_age_45_54,unemployment_rate_age_55_64,unemployment_rate_age_65_74,unemployment_rate_age_75_plus,unemployment_rate_white,unemployment_rate_black,unemployment_rate_native_american,unemployment_rate_asian,unemployment_rate_pacific_islander,unemployment_rate_other_race,unemployment_rate_two_or_more_races,unemployment_rate_hispanic,unemployment_rate_white_non_hispanic
ALABAMA,2010,3714504.0,60.5,54.8,8.7,7.5,8.1,28.3,15.9,7.9,5.8,4.6,4.6,4.7,6.7,14.6,10.8,5.6,0.5,8.6,12.7,8.7,6.6
ALASKA,2010,528189.0,72.0,62.9,8.6,8.8,6.6,23.0,14.8,7.9,5.8,6.0,4.6,4.5,6.3,8.9,21.7,4.7,11.3,9.9,14.1,9.0,6.3
ARIZONA,2010,4813496.0,62.2,57.1,7.7,7.2,6.6,22.1,11.5,6.6,5.9,5.7,5.8,7.3,6.8,11.6,16.8,6.4,6.3,9.4,12.3,9.3,6.2
ARKANSAS,2010,2247624.0,60.9,55.8,7.8,7.2,6.9,25.1,13.9,7.2,5.4,3.9,4.5,3.7,6.5,15.2,9.4,5.7,19.4,7.9,10.4,7.5,6.4
CALIFORNIA,2010,28445585.0,64.7,58.5,9.0,8.2,8.2,28.1,14.0,7.9,7.0,6.7,6.5,5.8,8.4,14.2,14.2,7.2,11.1,10.2,12.9,10.6,7.4
COLORADO,2010,3820290.0,69.8,64.3,6.8,6.3,5.9,22.6,11.1,5.6,5.2,5.4,5.0,4.0,6.2,12.4,14.7,5.4,10.4,10.4,11.7,9.7,5.8
CONNECTICUT,2010,2820837.0,68.1,62.6,7.6,7.0,6.7,23.2,13.1,6.8,5.6,5.4,6.7,5.2,6.4,13.5,12.4,6.4,10.2,14.9,12.8,13.2,6.0
DELAWARE,2010,700375.0,64.9,59.8,7.1,6.7,6.0,22.3,12.2,6.0,5.5,4.6,6.4,6.0,6.0,11.0,16.7,4.0,0.0,7.8,15.4,8.9,5.9
FLORIDA,2010,14988197.0,61.3,55.5,8.9,8.3,7.9,26.2,13.7,7.9,6.9,7.1,7.3,7.4,7.9,13.6,12.2,6.7,9.5,9.8,11.8,9.2,7.6
GEORGIA,2010,7287745.0,65.5,59.0,8.8,7.8,8.2,28.9,15.7,7.7,6.3,6.0,5.5,5.6,6.7,13.7,13.6,6.0,12.0,8.4,13.5,8.7,6.6
HAWAII,2010,1068287.0,66.8,59.6,5.6,5.8,4.4,20.5,10.3,5.3,4.1,3.5,2.9,2.3,5.6,7.6,6.0,3.4,9.2,5.4,8.7,9.6,5.4
IDAHO,2010,1153611.0,65.5,60.6,7.0,6.8,5.5,20.0,10.3,5.8,5.1,5.7,5.4,4.8,6.7,16.8,13.6,8.1,7.2,7.8,13.1,10.1,6.4
ILLINOIS,2010,9967535.0,66.8,60.8,8.6,8.3,7.3,25.9,14.0,7.5,6.8,6.1,4.8,4.0,7.0,17.6,12.3,6.4,6.9,9.6,13.3,10.0,6.7
INDIANA,2010,4996762.0,65.6,60.0,8.4,8.1,7.3,23.5,13.3,7.9,6.2,5.5,4.7,4.1,7.5,16.7,14.6,6.1,10.0,10.4,13.4,11.0,7.4
IOWA,2010,2377835.0,69.1,65.3,5.3,5.0,4.3,16.1,8.8,4.7,3.8,3.0,2.9,2.3,4.9,14.6,15.8,4.8,7.2,9.1,12.4,9.8,4.8
KANSAS,2010,2175144.0,68.7,63.9,6.0,5.5,5.1,18.5,9.5,5.5,4.2,3.7,3.1,2.1,5.2,15.7,7.6,6.3,13.1,8.3,11.5,8.4,5.0
KENTUCKY,2010,3383799.0,60.8,55.3,8.2,7.9,7.1,23.1,14.3,7.8,5.6,4.7,4.1,3.0,7.7,14.4,15.9,5.2,3.9,7.5,15.3,9.7,7.6
LOUISIANA,2010,3455412.0,61.7,56.5,7.7,7.2,6.8,24.7,13.4,7.0,5.3,4.6,3.8,3.4,5.3,13.4,9.1,6.8,1.1,6.6,9.5,7.4,5.2
MAINE,2010,1083357.0,65.2,60.7,6.5,6.6,5.1,19.0,12.6,6.0,4.6,4.2,4.3,3.5,6.3,15.7,18.6,4.6,1.9,7.8,13.9,11.1,6.3
MARYLAND,2010,4503062.0,69.6,64.5,6.6,6.2,5.5,22.9,12.7,5.7,4.4,4.2,4.3,3.2,4.9,10.2,10.2,4.5,1.3,8.3,9.7,7.7,4.8
MASSACHUSETTS,2010,5224911.0,67.7,62.6,7.4,7.5,5.8,21.4,12.1,6.4,5.6,5.6,5.9,4.8,6.6,13.7,16.5,7.1,8.8,12.4,11.4,12.4,6.4
MICHIGAN,2010,7836314.0,63.1,55.8,11.5,11.6,9.4,30.1,17.4,10.7,8.8,8.1,7.3,6.2,9.9,21.6,16.7,7.4,11.1,14.6,18.3,15.1,9.8
MINNESOTA,2010,4111966.0,71.0,66.4,6.4,6.5,4.8,18.8,10.4,5.4,4.8,5.0,3.9,3.7,5.6,16.7,18.3,8.0,12.7,8.2,13.2,8.9,5.5
MISSISSIPPI,2010,2274381.0,59.8,53.5,9.6,8.6,8.6,32.2,19.1,8.6,5.8,4.9,3.9,3.9,6.3,15.7,10.8,4.0,17.8,9.0,14.1,8.5,6.3
MISSOURI,2010,4664019.0,65.2,59.9,7.4,7.2,6.3,21.8,11.7,6.7,5.7,4.7,4.3,3.7,6.3,16.3,10.2,4.4,7.7,7.9,11.2,8.9,6.3
MONTANA,2010,778518.0,65.3,61.2,5.7,6.0,4.1,17.7,10.1,4.8,4.1,4.1,3.3,3.1,4.9,10.2,19.2,6.6,15.2,3.9,9.5,8.1,4.8
NEBRASKA,2010,1397699.0,71.1,67.1,5.1,4.7,4.3,15.5,8.8,4.5,3.5,3.1,3.2,2.0,4.4,15.0,18.6,5.0,10.2,7.8,12.3,7.9,4.2
NEVADA,2010,2050325.0,67.7,61.2,9.0,8.6,7.8,24.6,13.0,7.7,7.7,7.5,8.8,9.4,8.5,13.7,15.3,6.8,9.3,8.8,12.3,9.8,8.1
NEW HAMPSHIRE,2010,1056843.0,70.0,65.8,5.9,5.3,5.0,18.7,9.9,4.9,4.3,4.7,4.3,4.3,5.7,9.2,1.9,7.4,9.2,10.7,9.4,11.1,5.6
NEW JERSEY,2010,6893087.0,66.7,61.4,7.8,7.1,7.1,23.3,13.5,6.9,6.1,6.1,7.0,7.1,6.9,13.0,12.2,5.6,10.0,8.7,12.0,9.1,6.6
NEW MEXICO,2010,1561181.0,61.9,56.9,7.2,6.8,6.3,21.1,13.1,6.6,4.8,4.6,4.1,5.7,6.5,8.9,11.8,6.2,3.0,8.1,10.1,8.3,5.4
NEW YORK,2010,15394140.0,63.7,58.8,7.5,7.3,6.6,23.7,14.1,6.7,5.4,5.3,5.5,5.4,6.2,11.9,13.0,7.0,8.3,10.4,12.0,10.0,5.9
NORTH CAROLINA,2010,7287107.0,64.9,58.1,8.8,8.1,7.9,26.2,15.0,7.8,6.6,6.0,5.6,4.0,7.2,14.0,11.2,6.6,5.4,9.1,14.0,10.3,7.0
NORTH DAKOTA,2010,529990.0,70.0,66.4,3.6,3.5,2.8,11.7,6.7,3.0,2.3,1.8,2.1,1.5,3.0,11.8,14.0,3.0,4.9,9.8,7.7,7.6,3.0
OHIO,2010,9079315.0,64.9,59.1,8.6,8.6,7.0,25.4,14.4,8.0,6.2,5.7,4.5,3.7,7.5,17.3,15.3,4.9,7.7,11.3,15.7,11.7,7.4
OKLAHOMA,2010,2866572.0,63.0,58.4,6.2,5.6,5.6,18.9,10.2,5.8,4.2,3.6,3.1,1.5,5.2,11.5,9.7,4.3,12.6,6.9,9.4,6.5,5.2
OREGON,2010,3000732.0,64.5,58.8,8.7,8.8,7.1,24.3,13.6,7.9,6.8,6.5,7.0,3.4,8.4,14.9,13.6,6.5,17.0,9.9,12.9,10.1,8.3
PENNSYLVANIA,2010,10147657.0,63.2,58.5,7.3,7.0,6.1,22.8,13.2,6.5,5.2,4.7,4.8,4.7,6.3,14.9,12.3,6.7,15.2,14.1,14.2,12.8,6.1
RHODE ISLAND,2010,855547.0,66.0,60.3,8.0,8.0,6.6,21.1,13.2,6.6,6.2,6.6,5.5,5.4,7.1,11.7,18.2,8.4,11.0,14.3,15.7,13.8,6.9
SOUTH CAROLINA,2010,3567959.0,62.9,56.1,9.3,8.5,8.6,25.5,16.1,8.5,6.9,6.0,6.6,4.7,7.1,14.8,16.5,6.2,4.4,8.8,13.5,10.2,7.0
SOUTH DAKOTA,2010,623566.0,69.5,65.8,4.7,4.6,3.6,15.6,7.9,4.2,3.2,2.8,1.9,1.1,3.1,15.5,24.7,11.0,3.0,6.3,10.3,7.3,3.1
TENNESSEE,2010,4919958.0,63.0,57.2,8.6,7.9,7.9,24.6,15.0,7.9,6.4,5.3,5.4,4.5,7.4,14.9,10.2,4.7,11.7,8.7,12.6,8.6,7.3
TEXAS,2010,18380464.0,65.6,60.5,7.0,6.0,6.6,22.8,12.0,6.1,4.7,4.6,4.4,3.9,6.1,11.8,9.9,5.8,9.2,8.1,9.7,7.9,5.3
UTAH,2010,1907903.0,69.2,64.8,5.9,5.2,4.9,16.6,8.1,4.7,4.3,3.9,3.6,5.7,5.5,10.0,13.6,5.2,14.0,8.8,10.3,8.7,5.2
VERMONT,2010,509527.0,68.9,64.7,5.9,5.9,4.6,17.0,10.8,5.4,4.1,3.8,4.8,1.6,5.8,11.3,13.1,3.9,0.0,3.2,10.7,5.8,5.8
VIRGINIA,2010,6216349.0,67.4,61.5,5.9,5.3,5.2,22.2,11.6,5.1,4.0,3.7,3.1,3.3,4.8,10.0,9.1,4.6,10.6,7.6,9.9,7.0,4.7
WASHINGTON,2010,5186380.0,66.2,60.3,7.6,7.2,6.4,23.9,13.3,6.7,5.4,5.2,5.2,6.0,7.0,13.0,16.4,5.7,14.2,10.0,12.5,9.9,6.9
WEST VIRGINIA,2010,1498611.0,55.0,51.0,7.1,7.2,5.6,24.5,13.8,7.0,4.5,3.6,2.3,4.7,6.9,10.3,11.5,5.8,0.0,9.5,17.5,7.0,6.9
WISCONSIN,2010,4458387.0,69.0,64.4,6.7,6.8,5.2,17.6,10.5,6.1,4.9,4.8,4.5,4.3,5.8,18.0,16.0,7.4,9.5,9.2,13.8,10.0,5.7
WYOMING,2010,429389.0,70.0,66.2,4.4,3.9,4.0,13.1,7.7,4.0,3.0,2.5,4.1,2.6,4.2,11.6,12.3,5.4,14.1,4.7,6.0,6.6,4.0
ALABAMA,2011,3748844.0,60.3,54.1,9.6,8.6,8.9,30.0,17.3,8.9,6.7,5.4,5.2,4.9,7.5,15.6,11.8,4.9,0.7,10.3,15.9,9.9,7.5
ALASKA,2011,536544.0,71.7,62.6,8.4,8.9,6.6,20.6,14.5,8.0,6.1,6.0,4.3,4.0,6.4,9.3,20.7,5.0,8.8,9.6,12.4,9.1,6.3
ARIZONA,2011,4895581.0,61.8,55.9,8.9,8.5,7.6,25.3,13.5,7.7,7.2,6.7,6.9,7.9,8.0,14.0,19.5,6.9,8.6,11.3,13.6,11.0,7.2
ARKANSAS,2011,2267563.0,60.6,55.2,8.4,7.9,7.2,26.3,14.8,7.8,5.9,4.0,4.9,3.8,6.9,16.0,9.8,6.5,14.6,8.0,11.5,7.5,6.9
CALIFORNIA,2011,28796402.0,64.7,57.7,10.1,9.4,9.2,30.8,15.8,8.9,8.0,7.8,7.5,6.4,9.5,15.6,15.6,7.9,12.8,11.6,14.0,11.9,8.4
COLORADO,2011,3888310.0,69.7,63.7,7.6,7.1,6.5,24.3,12.2,6.3,5.9,6.0,6.3,5.3,7.0,14.0,15.3,6.1,11.5,11.4,12.1,10.6,6.5
CONNECTICUT,2011,2839677.0,68.2,62.1,8.5,8.0,7.4,24.6,14.5,7.7,6.3,6.3,7.8,6.1,7.2,15.0,12.5,7.1,9.7,15.7,13.7,14.0,6.8
DELAWARE,2011,709757.0,64.7,59.2,7.7,7.4,6.6,24.2,12.7,6.9,6.0,5.2,6.3,5.6,6.5,11.8,14.4,4.9,0.0,10.9,15.1,10.1,6.4
FLORIDA,2011,15169949.0,61.1,54.4,10.3,9.9,9.1,29.4,15.8,9.3,8.2,8.4,8.4,8.8,9.2,15.6,13.2,7.4,11.8,11.7,13.6,10.8,8.8
GEORGIA,2011,7402545.0,65.0,57.9,9.9,8.9,9.1,31.3,17.4,8.7,7.2,7.0,6.3,6.4,7.6,14.9,14.7,6.7,9.1,8.9,14.8,9.5,7.5
HAWAII,2011,1079024.0,66.5,58.9,6.4,6.7,4.9,23.6,11.6,6.1,4.6,4.1,3.1,3.0,6.4,9.5,7.9,3.8,11.0,5.0,9.4,10.5,6.1
IDAHO,2011,1172324.0,65.1,59.7,7.9,7.8,6.0,22.7,12.0,6.5,6.0,6.3,7.2,4.0,7.6,19.2,14.9,9.0,8.6,10.1,12.1,11.2,7.3
ILLINOIS,2011,10029404.0,66.7,60.3,9.3,9.2,7.9,27.3,15.0,8.3,7.5,6.9,5.4,4.7,7.7,18.9,15.4,6.6,7.9,10.6,13.5,10.9,7.4
INDIANA,2011,5035313.0,65.2,59.3,9.0,8.7,7.8,24.3,14.4,8.6,6.6,6.0,5.2,4.7,8.1,17.1,15.3,5.9,14.2,11.7,13.7,12.2,8.0
IOWA,2011,2392818.0,68.8,65.0,5.5,5.3,4.5,16.7,9.6,4.8,4.1,3.2,2.8,3.1,5.1,15.8,13.5,5.0,18.5,8.1,13.1,9.0,5.0
KANSAS,2011,2192495.0,68.7,63.6,6.4,6.0,5.5,19.1,10.4,5.9,4.7,4.0,3.3,2.5,5.6,15.6,9.7,6.9,12.2,9.4,12.9,8.9,5.4
KENTUCKY,2011,3412180.0,60.5,54.7,8.9,8.7,7.7,24.3,15.3,8.6,6.3,5.2,4.7,3.6,8.3,16.1,16.1,6.4,10.6,7.6,16.8,10.8,8.2
LOUISIANA,2011,3503250.0,61.7,56.4,8.0,7.5,7.0,25.5,14.1,7.3,5.3,4.9,4.3,3.4,5.7,13.4,9.2,5.6,4.7,5.9,10.5,7.2,5.6
MAINE,2011,1086610.0,65.1,60.2,7.1,7.4,5.6,19.9,13.3,6.6,5.5,4.7,5.0,3.2,6.9,17.4,21.0,5.2,2.9,8.0,15.6,11.9,6.9
MARYLAND,2011,4547457.0,69.6,64.0,7.3,7.0,6.1,24.4,14.0,6.5,4.9,4.7,4.8,4.3,5.5,11.0,10.4,4.7,1.5,8.9,10.4,8.2,5.4
MASSACHUSETTS,2011,5267692.0,67.8,62.3,8.1,8.2,6.4,22.9,12.7,7.1,6.3,6.3,6.5,5.4,7.2,14.4,17.7,7.6,6.7,13.6,12.5,13.2,7.0
MICHIGAN,2011,7840553.0,62.7,54.9,12.3,12.5,10.1,31.1,18.1,11.5,9.5,8.8,8.1,6.6,10.6,23.0,16.9,7.7,8.9,15.8,18.9,15.9,10.4
MINNESOTA,2011,4147665.0,70.9,65.9,6.9,7.1,5.2,19.6,10.8,5.9,5.4,5.5,4.3,4.3,6.0,17.5,19.2,8.6,17.3,9.3,14.7,9.7,5.9
MISSISSIPPI,2011,2287478.0,59.4,52.9,10.0,9.1,9.1,32.6,20.3,9.3,5.9,5.4,4.5,5.5,6.8,16.0,10.5,3.6,21.8,10.4,13.9,8.7,6.8
MISSOURI,2011,4700400.0,65.0,59.4,8.1,8.0,6.7,22.8,12.9,7.4,6.2,5.4,4.9,4.5,6.9,17.2,12.9,4.4,9.8,9.7,12.7,9.6,6.8
MONTANA,2011,786732.0,65.2,60.6,6.4,6.8,4.7,20.0,11.4,5.5,4.6,4.8,3.8,2.5,5.6,9.4,20.5,9.2,9.3,3.6,10.4,8.2,5.5
NEBRASKA,2011,1409203.0,71.0,66.8,5.4,5.0,4.6,17.0,9.6,4.8,3.7,3.3,3.1,2.4,4.7,15.9,18.0,4.9,9.1,9.0,11.4,9.2,4.5
NEVADA,2011,2086005.0,67.2,59.7,10.4,10.2,9.0,28.4,15.3,9.0,9.0,8.7,9.9,11.9,10.0,15.0,19.8,7.8,11.7,10.2,14.7,11.8,9.4
NEW HAMPSHIRE,2011,1063324.0,69.9,65.4,6.3,5.9,5.3,19.3,10.2,5.4,4.8,5.0,4.8,4.7,6.1,9.0,5.6,8.9,13.5,10.9,9.7,12.6,6.0
NEW JERSEY,2011,6935191.0,66.8,60.9,8.7,8.1,8.1,24.7,14.8,7.8,6.9,7.0,8.2,7.6,7.7,14.3,12.3,6.0,11.3,10.1,13.4,10.2,7.5
NEW MEXICO,2011,1581130.0,61.6,56.1,8.2,7.9,7.0,23.6,14.4,7.5,5.9,5.2,5.3,5.5,7.4,8.9,13.3,7.9,3.9,8.9,11.1,9.5,6.0
NEW YORK,2011,15494360.0,63.8,58.4,8.2,7.9,7.2,25.3,15.2,7.3,6.0,5.9,6.0,5.7,6.7,12.9,12.7,7.3,8.5,11.2,12.8,10.8,6.4
NORTH CAROLINA,2011,7411079.0,64.6,57.2,9.7,9.1,8.9,27.8,16.6,8.8,7.4,7.0,6.6,4.7,8.0,15.4,12.8,6.6,6.0,9.9,15.2,10.8,7.8
NORTH DAKOTA,2011,536039.0,70.3,66.8,3.4,3.2,2.9,10.9,6.8,2.9,2.1,1.8,2.1,2.0,2.9,11.6,12.5,2.6,7.6,10.0,8.3,8.7,2.9
OHIO,2011,9110226.0,64.6,58.5,9.3,9.3,7.6,26.9,15.2,8.6,6.9,6.3,5.1,4.1,8.1,18.2,13.8,5.1,9.5,11.5,18.3,12.1,8.0
OKLAHOMA,2011,2897182.0,63.0,58.2,6.5,5.9,5.9,19.7,10.4,6.0,4.6,3.9,3.3,2.0,5.5,11.8,9.8,4.3,11.4,7.0,10.1,6.8,5.4
OREGON,2011,3039160.0,64.1,57.7,9.8,10.0,8.1,26.7,15.4,9.0,7.8,7.5,8.0,5.4,9.5,16.6,13.9,7.3,15.6,11.5,14.1,10.9,9.5
PENNSYLVANIA,2011,10209810.0,63.2,58.2,7.9,7.7,6.6,23.3,14.3,7.2,5.7,5.3,5.6,5.2,6.8,15.9,14.1,6.6,15.3,15.8,14.8,14.1,6.6
RHODE ISLAND,2011,855960.0,66.3,60.0,8.9,9.0,7.2,25.0,14.1,7.4,7.2,7.1,6.4,6.3,7.8,13.3,22.9,8.8,41.1,17.1,18.2,16.4,7.5
SOUTH CAROLINA,2011,3624311.0,62.4,55.2,10.2,9.5,9.5,27.6,17.1,9.6,7.7,6.8,7.1,6.0,8.0,16.1,16.9,6.4,8.4,9.7,15.0,11.0,7.8
SOUTH DAKOTA,2011,630184.0,69.5,65.6,4.8,4.7,3.9,15.4,8.3,4.5,3.2,2.7,1.7,1.2,3.1,15.4,25.8,10.9,5.7,8.9,10.9,9.5,3.1
TENNESSEE,2011,4978954.0,62.7,56.6,9.2,8.7,8.4,25.7,15.8,8.6,7.1,5.9,5.7,5.8,8.0,15.4,10.3,5.5,12.1,9.5,14.1,9.2,8.0
TEXAS,2011,18747892.0,65.5,60.2,7.3,6.5,6.7,23.4,12.4,6.4,5.1,5.2,4.9,4.2,6.4,12.1,10.1,6.0,9.1,8.4,10.2,8.2,5.6
UTAH,2011,1948759.0,69.1,64.2,6.5,6.0,5.4,18.1,8.8,5.5,4.7,4.6,3.9,6.2,6.1,12.5,14.1,5.5,14.1,10.3,11.2,9.6,5.8
VERMONT,2011,511749.0,68.6,64.2,6.3,6.5,4.9,18.4,12.3,5.6,4.5,4.2,4.8,2.9,6.2,13.9,15.4,4.1,34.4,3.6,12.7,7.8,6.2
VIRGINIA,2011,6295555.0,67.2,61.1,6.5,5.9,5.7,23.1,12.5,5.7,4.5,4.2,3.3,3.5,5.3,10.8,9.3,5.0,8.8,8.4,10.2,7.5,5.2
WASHINGTON,2011,5269197.0,65.9,59.5,8.4,8.1,7.1,25.4,14.7,7.5,6.1,5.9,6.1,6.2,7.8,13.9,16.4,6.6,15.1,10.9,12.7,10.8,7.7
WEST VIRGINIA,2011,1504751.0,54.9,50.7,7.5,7.8,5.6,27.2,13.9,7.4,4.9,4.0,2.6,4.3,7.3,10.9,18.1,5.9,0.0,10.1,15.8,6.7,7.3
WISCONSIN,2011,4487568.0,68.7,63.7,7.1,7.4,5.7,17.7,11.3,6.5,5.5,5.4,5.0,4.7,6.3,18.9,16.9,7.6,16.7,9.7,14.8,10.6,6.1
WYOMING,2011,436090.0,69.9,66.0,4.7,4.2,4.2,13.5,8.2,4.3,3.2,2.9,5.1,2.6,4.4,17.4,13.5,4.7,15.5,4.4,7.2,6.8,4.2
ALABAMA,2012,3779457.0,59.9,53.4,10.3,9.3,9.6,31.4,18.3,9.6,7.3,5.7,5.7,5.4,8.1,16.3,14.8,5.3,1.8,11.0,16.4,10.8,8.0
ALASKA,2012,545497.0,71.5,62.5,8.4,9.2,6.4,21.3,14.4,8.1,6.2,5.6,3.9,1.9,6.5,8.7,20.3,5.2,6.7,6.8,12.3,6.7,6.6
ARIZONA,2012,4967615.0,61.4,55.0,9.8,9.5,8.4,27.1,14.9,8.5,7.9,7.5,7.6,8.0,8.8,14.4,21.0,7.2,8.2,12.9,14.1,11.9,8.0
ARKANSAS,2012,2285328.0,60.3,54.8,8.6,8.1,7.5,27.2,15.2,8.0,6.1,4.4,5.0,3.6,7.2,16.0,11.1,5.5,14.6,7.3,11.5,7.4,7.2
CALIFORNIA,2012,29163075.0,64.5,57.0,11.0,10.4,10.1,33.1,17.4,9.8,8.8,8.6,8.3,7.1,10.4,17.0,17.1,8.4,15.0,12.6,15.1,12.9,9.3
COLORADO,2012,3955983.0,69.5,63.2,8.0,7.6,6.8,25.8,12.8,6.7,6.4,6.5,7.1,5.3,7.3,15.6,16.9,6.1,11.1,12.3,12.6,11.2,6.8
CONNECTICUT,2012,2859923.0,68.2,61.6,9.2,8.9,8.0,25.1,15.4,8.6,6.8,6.9,8.2,6.7,7.8,16.6,13.2,7.1,12.3,16.5,14.5,14.5,7.4
DELAWARE,2012,718553.0,64.7,58.8,8.4,8.3,7.2,24.0,13.7,7.8,6.5,5.7,6.5,5.9,7.0,12.7,13.3,5.4,0.0,12.4,16.8,10.3,6.9
FLORIDA,2012,15364895.0,60.7,53.5,11.3,11.1,10.0,31.8,17.3,10.3,9.2,9.2,9.5,9.3,10.1,17.3,15.7,7.8,13.5,12.9,14.6,11.7,9.7
GEORGIA,2012,7508748.0,64.5,57.0,10.7,9.8,9.8,33.1,18.6,9.5,7.9,7.7,7.1,6.5,8.3,15.9,16.1,7.0,10.0,9.8,15.1,10.3,8.2
HAWAII,2012,1093852.0,66.5,58.7,6.7,7.1,5.3,23.1,12.3,6.5,4.8,4.4,3.6,4.0,6.6,9.1,7.1,4.2,11.7,7.0,9.6,10.5,6.4
IDAHO,2012,1188341.0,64.6,58.8,8.5,8.4,6.8,24.2,12.9,7.2,6.5,6.7,7.3,4.5,8.2,17.9,17.8,9.0,6.1,10.6,14.1,12.2,7.9
ILLINOIS,2012,10079433.0,66.7,59.9,9.9,9.8,8.5,28.8,15.5,9.0,8.0,7.3,6.0,4.5,8.2,20.0,14.6,7.1,8.8,11.7,14.2,11.7,7.8
INDIANA,2012,5067379.0,65.0,58.8,9.4,9.2,8.2,25.1,15.0,9.0,7.0,6.4,5.7,5.1,8.5,18.0,14.4,6.5,11.3,11.9,14.9,12.6,8.3
IOWA,2012,2405664.0,68.6,64.7,5.6,5.4,4.5,16.9,9.5,4.9,4.3,3.3,3.1,3.2,5.2,15.0,13.4,5.2,10.4,8.0,13.3,9.0,5.1
KANSAS,2012,2208363.0,68.6,63.2,6.7,6.3,5.9,19.9,10.6,6.2,5.0,4.4,3.5,2.6,5.9,16.3,10.7,6.8,13.6,10.0,12.5,9.3,5.7
KENTUCKY,2012,3433526.0,60.3,54.2,9.5,9.3,8.2,26.3,16.2,9.2,6.7,5.6,4.9,4.2,8.9,16.0,16.7,6.2,9.3,8.3,17.9,11.3,8.8
LOUISIANA,2012,3542555.0,61.9,56.3,8.4,8.0,7.4,26.4,14.9,7.8,5.6,5.3,4.7,3.9,6.0,13.8,9.6,5.4,3.4,6.2,10.2,7.8,6.0
MAINE,2012,1089755.0,64.8,59.8,7.4,7.8,5.9,20.7,13.1,7.2,5.6,5.0,5.2,2.8,7.2,18.1,22.2,3.7,5.6,6.9,14.9,14.2,7.2
MARYLAND,2012,4598714.0,69.6,63.6,7.8,7.5,6.6,25.5,14.7,7.0,5.3,5.4,5.3,4.7,6.0,11.8,10.1,4.8,1.0,8.9,10.8,8.5,5.9
MASSACHUSETTS,2012,5320423.0,67.9,62.1,8.5,8.7,6.9,23.1,13.1,7.5,6.8,6.6,7.1,5.9,7.7,14.7,18.7,7.6,9.8,14.2,11.9,13.7,7.4
MICHIGAN,2012,7849558.0,62.3,54.4,12.6,12.9,10.3,31.8,18.5,11.9,9.8,9.1,8.5,7.4,10.8,23.9,16.9,8.0,12.2,16.1,19.3,15.8,10.7
MINNESOTA,2012,4180087.0,70.7,65.7,7.0,7.3,5.4,20.0,11.0,6.1,5.5,5.6,4.3,4.4,6.2,17.6,18.1,8.6,16.1,10.1,14.2,10.2,6.1
MISSISSIPPI,2012,2300867.0,59.2,52.4,10.6,9.7,9.7,34.8,21.6,9.9,6.6,5.6,4.6,4.1,7.4,16.5,15.9,4.3,14.4,10.9,13.2,9.8,7.3
MISSOURI,2012,4729641.0,64.8,58.8,8.5,8.5,7.1,24.2,13.5,7.8,6.6,5.7,5.1,5.3,7.3,18.0,11.8,5.1,10.1,10.7,13.8,9.9,7.2
MONTANA,2012,794385.0,65.1,60.2,6.9,7.2,5.2,21.9,12.2,6.0,5.3,5.0,3.6,4.2,6.0,6.1,21.6,7.9,10.8,6.5,11.6,10.6,5.9
NEBRASKA,2012,1419577.0,71.0,66.7,5.6,5.2,4.7,17.7,9.5,5.0,3.9,3.3,3.2,2.3,4.9,15.5,18.2,5.2,9.3,9.3,11.6,9.7,4.6
NEVADA,2012,2115306.0,66.9,58.5,11.9,11.6,10.3,31.6,17.1,10.3,10.3,10.1,11.4,14.1,11.3,16.5,20.4,9.2,12.9,12.4,15.8,13.2,10.7
NEW HAMPSHIRE,2012,1068648.0,69.7,65.0,6.6,6.2,5.6,20.2,11.1,5.4,5.2,5.3,5.0,4.9,6.4,9.0,5.0,8.7,19.5,13.2,9.8,12.8,6.3
NEW JERSEY,2012,6985329.0,66.9,60.4,9.5,8.9,8.8,26.0,16.0,8.7,7.5,7.7,9.0,8.3,8.5,15.7,14.8,6.5,6.7,11.5,13.7,11.0,8.2
NEW MEXICO,2012,1597923.0,61.3,55.2,9.1,8.9,7.6,27.3,15.5,8.6,6.3,5.9,6.1,6.1,8.2,12.6,14.9,7.2,1.4,10.1,11.5,10.6,6.5
NEW YORK,2012,15615122.0,63.8,58.1,8.7,8.6,7.7,26.4,16.1,7.9,6.5,6.4,6.7,6.2,7.2,13.9,13.7,7.7,8.5,11.9,13.4,11.3,6.9
NORTH CAROLINA,2012,7523670.0,64.2,56.4,10.5,10.0,9.5,30.0,18.1,9.6,8.1,7.5,6.7,5.1,8.7,16.4,13.3,6.8,11.3,10.9,16.4,11.4,8.5
NORTH DAKOTA,2012,543270.0,70.5,67.1,3.4,3.1,2.8,11.2,6.4,2.7,2.2,1.8,2.4,2.5,2.9,8.4,10.0,2.8,2.1,9.7,8.7,8.0,2.9
OHIO,2012,9138488.0,64.3,58.0,9.7,9.8,7.9,27.9,15.8,9.1,7.2,6.7,5.4,4.1,8.4,19.0,15.6,5.4,11.1,12.5,18.8,12.7,8.3
OKLAHOMA,2012,2924464.0,62.7,57.8,6.8,6.2,6.1,21.0,11.0,6.4,4.9,3.9,3.6,2.5,5.8,11.9,10.0,4.9,7.5,7.4,10.5,7.3,5.7
OREGON,2012,3072774.0,63.7,56.7,10.8,11.1,8.9,29.1,16.4,10.0,8.7,8.3,8.2,5.9,10.5,18.7,15.7,7.5,17.4,12.6,14.7,12.0,10.4
PENNSYLVANIA,2012,10265643.0,63.2,57.8,8.5,8.4,7.1,24.2,14.9,7.8,6.2,5.8,6.1,5.7,7.3,16.9,12.5,7.0,20.0,16.9,15.3,15.1,7.1
RHODE ISLAND,2012,857434.0,66.3,59.6,9.5,9.6,7.8,25.6,14.3,8.3,7.6,7.6,7.2,6.3,8.4,13.8,25.6,9.3,29.5,18.5,17.7,17.4,8.1
SOUTH CAROLINA,2012,3675075.0,62.1,54.3,11.1,10.5,10.2,30.3,18.6,10.4,8.6,7.1,7.5,5.8,8.7,17.2,15.5,6.7,8.5,10.3,16.5,11.5,8.6
SOUTH DAKOTA,2012,636670.0,69.4,65.4,4.9,5.0,3.9,15.2,9.2,4.6,3.3,2.9,1.9,1.3,3.2,13.9,25.5,12.6,0.9,8.4,11.6,8.4,3.2
TENNESSEE,2012,5030090.0,62.4,56.0,9.8,9.3,8.9,27.0,17.0,9.1,7.4,6.3,6.2,6.0,8.6,15.8,13.0,5.6,8.5,8.5,13.5,9.0,8.6
TEXAS,2012,19110058.0,65.4,59.9,7.7,7.0,7.2,24.5,13.2,6.8,5.5,5.5,5.2,4.5,6.9,12.8,10.0,6.1,11.1,9.0,10.5,8.5,6.1
UTAH,2012,1984562.0,68.9,63.8,7.1,6.5,5.9,19.7,9.6,6.1,5.1,4.9,4.3,6.0,6.7,12.9,13.6,6.3,13.4,11.1,13.0,10.5,6.3
VERMONT,2012,513968.0,68.3,63.7,6.5,6.9,5.2,17.6,13.6,6.0,4.6,4.4,4.3,3.5,6.3,17.9,11.2,7.6,24.3,3.6,13.9,8.3,6.3
VIRGINIA,2012,6377782.0,67.1,60.6,6.9,6.5,6.0,24.9,13.4,6.1,4.9,4.5,3.5,4.5,5.6,11.6,9.0,5.3,11.4,8.2,10.3,7.9,5.5
WASHINGTON,2012,5345975.0,65.7,58.9,8.9,8.7,7.7,27.1,15.5,8.0,6.6,6.5,6.7,6.8,8.4,15.0,16.3,6.7,16.4,12.0,13.0,11.4,8.2
WEST VIRGINIA,2012,1508549.0,54.9,50.4,7.9,8.3,5.8,28.5,14.0,7.7,5.4,4.3,3.3,4.4,7.7,11.9,19.1,7.1,9.6,11.2,14.8,6.9,7.7
WISCONSIN,2012,4512525.0,68.5,63.3,7.5,7.8,5.9,18.6,11.8,6.9,5.8,5.7,5.3,5.0,6.6,19.8,15.1,7.5,12.7,10.5,15.4,11.0,6.4
WYOMING,2012,442182.0,69.5,65.3,5.1,4.7,4.4,16.5,8.9,4.7,3.6,2.8,4.1,3.2,4.8,16.6,16.4,3.5,17.1,4.3,8.2,8.0,4.5
ALABAMA,2013,3806434.0,59.4,52.6,10.8,9.9,10.2,32.9,19.5,10.2,7.7,6.2,5.8,5.1,8.6,16.9,15.3,5.2,1.4,10.3,17.6,10.2,8.6
ALASKA,2013,553214.0,71.0,62.1,8.8,9.5,6.6,23.0,14.7,8.2,6.7,6.0,5.6,2.0,6.8,10.7,20.8,5.0,9.6,7.7,12.3,7.1,6.8
ARIZONA,2013,5039711.0,60.6,54.0,10.4,10.1,9.0,28.9,16.1,9.1,8.5,7.9,8.2,8.6,9.4,15.0,22.3,7.0,12.9,14.0,15.1,12.7,8.5
ARKANSAS,2013,2301443.0,59.7,54.1,8.9,8.5,7.8,27.4,16.1,8.4,6.4,4.5,4.9,3.7,7.5,16.5,10.8,5.5,16.5,8.3,11.4,7.8,7.5
CALIFORNIA,2013,29516595.0,64.2,56.4,11.5,10.9,10.6,35.2,18.2,10.4,9.2,9.0,8.5,7.9,10.9,18.1,17.8,8.7,16.3,13.3,15.2,13.4,9.8
COLORADO,2013,4023722.0,69.0,62.4,8.5,8.0,7.2,27.4,13.5,7.1,6.7,6.7,7.1,5.0,7.7,15.7,17.4,6.3,11.4,12.8,13.6,11.7,7.2
CONNECTICUT,2013,2879150.0,68.0,61.1,9.8,9.6,8.5,25.9,16.2,9.2,7.5,7.3,8.3,6.9,8.4,17.3,13.6,7.6,14.6,16.5,14.9,15.0,7.9
DELAWARE,2013,726364.0,64.3,58.1,8.9,9.1,7.6,24.7,15.7,8.2,6.7,6.5,6.9,6.8,7.6,12.9,20.1,5.6,1.4,12.5,15.9,11.1,7.5
FLORIDA,2013,15563534.0,60.1,52.7,11.8,11.6,10.5,33.5,18.1,10.9,9.5,9.6,9.7,9.4,10.5,18.1,16.2,8.1,13.6,12.8,14.6,12.0,10.1
GEORGIA,2013,7598174.0,63.9,56.0,11.4,10.5,10.5,34.9,19.7,10.3,8.4,8.1,7.3,6.0,8.8,16.9,16.1,7.6,9.1,11.0,16.0,10.8,8.7
HAWAII,2013,1104534.0,66.0,57.9,7.1,7.5,5.7,25.6,12.3,6.9,5.2,4.7,3.7,4.6,6.8,11.5,8.4,4.4,12.7,8.0,10.0,11.2,6.6
IDAHO,2013,1201999.0,63.8,57.9,8.8,8.5,7.2,26.0,13.7,7.4,6.9,6.7,7.1,5.4,8.5,19.5,18.3,8.2,11.0,9.8,14.9,11.7,8.2
ILLINOIS,2013,10124119.0,66.4,59.2,10.5,10.3,9.1,30.4,16.5,9.6,8.4,7.8,6.1,5.5,8.6,21.3,15.7,7.5,6.9,12.5,14.3,12.3,8.2
INDIANA,2013,5099339.0,64.4,58.1,9.6,9.5,8.5,25.5,15.4,9.3,7.4,6.4,5.7,4.9,8.7,18.8,14.2,6.2,11.3,11.5,14.3,12.2,8.5
IOWA,2013,2420102.0,68.2,64.2,5.8,5.7,4.6,17.3,9.7,5.1,4.5,3.4,3.4,3.3,5.3,15.7,12.1,5.4,10.0,9.5,13.1,9.5,5.2
KANSAS,2013,2222215.0,67.9,62.4,7.0,6.6,6.2,20.1,11.1,6.6,5.2,4.7,3.9,2.8,6.1,16.3,12.5,7.4,18.7,10.4,14.1,9.4,5.9
KENTUCKY,2013,3454107.0,60.1,53.8,9.8,9.7,8.5,26.6,16.6,9.6,7.0,5.9,4.9,4.6,9.2,16.5,18.1,7.1,7.2,8.8,17.0,11.5,9.1
LOUISIANA,2013,3577960.0,61.6,55.8,8.8,8.4,7.9,27.8,16.2,8.1,5.9,5.4,4.7,3.7,6.4,14.2,9.6,5.4,5.1,7.1,11.8,8.4,6.3
MAINE,2013,1092849.0,64.3,59.2,7.7,8.2,6.1,21.2,13.3,7.6,5.7,5.1,5.4,3.0,7.5,17.5,21.1,3.6,3.0,8.4,15.0,14.6,7.4
MARYLAND,2013,4645779.0,69.2,63.0,8.2,8.0,7.0,26.7,15.3,7.5,5.8,5.7,5.5,4.7,6.3,12.4,11.2,5.0,1.7,8.7,10.8,8.5,6.2
MASSACHUSETTS,2013,5371252.0,67.7,61.6,8.9,9.1,7.3,23.9,13.6,8.0,7.2,7.0,7.2,6.2,8.1,15.5,18.7,8.1,9.0,14.4,12.1,14.2,7.8
MICHIGAN,2013,7865350.0,61.8,53.9,12.7,13.0,10.6,31.7,18.8,12.2,9.9,9.1,8.8,7.4,10.9,24.4,17.3,7.6,14.5,16.4,19.5,15.9,10.7
MINNESOTA,2013,4212737.0,70.3,65.2,7.1,7.3,5.6,20.2,11.2,6.3,5.6,5.5,4.5,4.6,6.3,17.5,18.8,8.5,15.0,10.9,14.4,10.4,6.1
MISSISSIPPI,2013,2312959.0,58.6,51.6,11.1,10.4,10.1,36.5,22.6,10.4,6.8,6.1,4.9,4.0,7.7,17.2,18.7,5.1,8.8,9.5,14.6,9.4,7.7
MISSOURI,2013,4755870.0,64.3,58.3,8.8,8.8,7.5,24.5,14.0,8.1,6.9,6.1,5.1,5.3,7.6,18.0,12.6,4.7,12.7,11.1,13.5,10.3,7.5
MONTANA,2013,801199.0,64.7,59.5,7.3,7.8,5.5,23.1,12.3,6.4,5.9,5.4,3.3,4.7,6.4,5.0,23.0,7.7,13.3,7.7,12.3,11.1,6.3
NEBRASKA,2013,1431428.0,70.6,66.3,5.7,5.4,4.9,18.0,9.8,5.2,4.1,3.4,3.3,1.6,5.0,15.6,20.2,5.8,5.8,9.8,11.4,10.3,4.7
NEVADA,2013,2143541.0,66.0,57.4,12.5,12.4,10.8,32.4,18.2,11.0,11.0,10.5,11.2,15.3,11.9,18.3,20.3,9.3,15.4,12.7,16.1,13.6,11.3
NEW HAMPSHIRE,2013,1074477.0,69.2,64.3,7.0,6.7,5.8,21.1,12.0,5.8,5.5,5.3,5.6,5.4,6.8,10.1,6.4,9.6,7.3,12.4,11.5,13.2,6.7
NEW JERSEY,2013,7028795.0,66.6,59.7,10.1,9.5,9.5,26.8,16.7,9.4,8.1,8.2,9.5,8.8,9.0,16.6,16.0,6.9,9.4,11.9,14.4,11.6,8.7
NEW MEXICO,2013,1612730.0,60.7,54.4,9.7,9.5,8.1,30.8,16.5,9.0,6.7,6.2,6.3,6.3,8.8,12.5,16.2,7.4,2.4,10.8,12.1,11.3,7.0
NEW YORK,2013,15717283.0,63.7,57.7,9.2,9.1,8.2,27.8,16.6,8.4,7.0,6.8,7.1,6.7,7.6,14.6,15.0,8.1,7.8,12.6,13.3,11.9,7.3
NORTH CAROLINA,2013,7622230.0,63.6,55.6,11.1,10.7,10.0,31.9,18.9,10.1,8.7,7.9,7.1,5.1,9.2,17.2,14.5,7.2,13.0,11.6,16.7,11.7,9.1
NORTH DAKOTA,2013,553026.0,70.5,67.2,3.3,3.1,2.7,10.8,5.8,2.9,2.2,1.7,2.4,2.5,2.8,7.9,10.3,2.4,2.2,8.8,9.0,7.6,2.8
OHIO,2013,9170484.0,63.9,57.4,10.0,10.1,8.2,28.6,16.0,9.4,7.6,6.8,5.6,4.0,8.6,19.4,16.3,5.6,13.3,12.4,18.9,12.6,8.6
OKLAHOMA,2013,2950783.0,62.2,57.2,7.0,6.4,6.6,21.1,11.8,6.7,5.1,4.0,3.7,2.5,6.0,12.1,10.3,5.0,8.5,7.6,11.1,7.5,6.0
OREGON,2013,3106026.0,63.1,55.9,11.3,11.7,9.4,30.4,17.5,10.5,9.2,8.6,8.3,5.8,10.9,18.6,18.0,7.7,16.2,13.5,16.1,12.8,10.9
PENNSYLVANIA,2013,10310404.0,63.1,57.4,9.0,9.0,7.5,25.2,15.6,8.4,6.5,6.2,6.3,5.9,7.7,17.6,16.9,7.5,18.0,17.9,15.7,15.9,7.5
RHODE ISLAND,2013,859385.0,66.2,59.3,9.9,9.7,8.6,25.6,15.0,8.9,7.7,7.9,7.5,7.7,8.8,14.4,28.0,9.0,19.9,18.7,16.9,17.4,8.5
SOUTH CAROLINA,2013,3720700.0,61.7,53.8,11.4,11.0,10.4,32.2,19.2,10.7,8.9,7.5,7.6,5.7,9.0,17.7,19.1,7.7,11.4,9.0,15.8,10.8,8.9
SOUTH DAKOTA,2013,643377.0,69.0,65.1,5.0,5.1,4.0,15.2,9.1,4.7,3.5,3.0,2.0,1.5,3.3,11.5,25.8,9.9,0.0,10.1,12.1,8.9,3.3
TENNESSEE,2013,5078433.0,61.8,55.3,10.1,9.7,9.2,28.2,17.4,9.5,7.6,6.7,6.2,6.0,8.9,16.6,13.8,5.3,6.6,8.4,14.4,9.1,8.9
TEXAS,2013,19468136.0,65.2,59.4,8.1,7.3,7.5,26.0,13.7,7.2,5.8,5.8,5.4,4.7,7.2,13.3,10.8,6.3,12.6,9.4,11.0,8.9,6.4
UTAH,2013,2021139.0,68.4,63.1,7.4,6.7,6.2,21.6,9.9,6.3,5.4,5.0,4.2,5.0,6.9,13.8,14.1,6.5,13.9,10.3,12.9,10.6,6.6
VERMONT,2013,515484.0,67.6,62.9,6.8,7.2,5.4,17.7,14.0,6.2,4.8,4.8,3.4,4.3,6.6,17.6,7.9,8.1,21.7,4.3,13.4,9.4,6.5
VIRGINIA,2013,6453616.0,66.7,60.2,7.2,6.9,6.4,25.5,14.4,6.5,5.2,4.6,3.7,4.4,5.9,12.1,8.5,5.4,13.2,8.7,10.6,7.9,5.8
WASHINGTON,2013,5416136.0,65.1,58.2,9.4,9.3,8.1,28.7,16.4,8.5,7.2,6.7,6.8,6.3,8.9,14.8,16.9,7.2,16.6,12.9,13.5,12.0,8.7
WEST VIRGINIA,2013,1512388.0,54.6,50.0,8.4,8.9,6.4,28.7,14.3,8.4,6.0,4.7,3.7,3.2,8.2,12.9,22.7,8.0,9.3,13.0,14.9,8.6,8.2
WISCONSIN,2013,4537877.0,67.9,62.6,7.8,8.2,6.2,18.5,12.2,7.3,6.1,5.9,5.5,4.9,6.8,20.8,15.2,7.5,9.8,11.4,14.9,11.5,6.7
WYOMING,2013,448295.0,69.0,64.7,5.5,5.3,4.4,17.7,9.6,5.1,3.8,3.0,4.1,2.9,5.0,14.2,18.4,6.0,13.5,4.6,10.4,8.4,4.8
ALABAMA,2014,3828799.0,58.8,52.5,10.2,9.4,9.8,31.4,18.7,9.8,7.2,5.6,5.3,4.5,8.1,16.0,15.6,5.7,2.1,8.1,16.4,9.1,8.1
ALASKA,2014,560680.0,70.8,62.1,8.4,8.9,6.8,22.3,13.9,7.7,6.7,6.1,4.7,3.3,6.3,12.2,21.1,4.2,13.1,7.2,12.0,6.9,6.3
ARIZONA,2014,5121781.0,60.1,53.8,9.9,9.5,8.8,28.5,15.6,8.7,7.9,7.7,7.6,6.6,8.9,14.6,21.9,6.3,14.3,13.3,14.3,11.8,8.2
ARKANSAS,2014,2315782.0,59.2,54.1,8.4,8.1,7.4,27.2,15.2,8.2,5.8,4.2,4.3,3.7,7.1,15.6,10.1,5.9,16.8,7.2,11.6,7.1,7.1
CALIFORNIA,2014,29934838.0,63.8,56.4,11.0,10.3,10.2,34.7,17.5,9.9,8.7,8.6,8.0,7.3,10.4,17.8,16.9,8.2,15.6,12.8,14.6,12.7,9.3
COLORADO,2014,4094922.0,68.7,62.5,7.9,7.4,6.9,26.0,13.1,6.5,6.3,6.3,6.6,5.5,7.2,14.6,15.4,6.4,12.6,11.8,12.7,10.7,6.7
CONNECTICUT,2014,2895925.0,67.8,61.0,9.6,9.4,8.4,25.5,15.9,9.0,7.4,7.1,7.5,7.1,8.2,17.2,14.2,7.5,11.0,15.3,15.4,14.2,7.7
DELAWARE,2014,734886.0,63.8,58.0,8.5,8.7,7.4,24.0,15.3,7.9,6.6,6.2,5.7,5.8,7.4,12.0,23.2,6.1,2.3,11.4,14.2,9.7,7.3
FLORIDA,2014,15817611.0,59.5,52.7,10.9,10.7,9.9,31.7,17.2,10.2,8.8,8.8,8.6,8.9,9.7,17.2,15.8,7.3,14.3,12.0,13.7,11.0,9.3
GEORGIA,2014,7693577.0,63.3,55.9,10.8,9.9,10.1,33.7,19.3,9.7,7.9,7.5,6.7,5.2,8.3,16.2,14.5,6.6,9.2,9.6,15.9,9.6,8.2
HAWAII,2014,1118419.0,65.4,57.7,6.7,6.9,5.5,25.1,11.3,6.6,4.7,4.5,3.5,3.8,6.3,11.3,10.6,4.2,12.2,8.3,9.3,10.0,6.1
IDAHO,2014,1216172.0,63.2,57.8,8.1,7.5,6.9,24.9,12.5,6.8,6.0,6.5,7.0,4.4,7.7,15.5,18.9,7.8,10.2,10.1,15.5,10.4,7.5
ILLINOIS,2014,10170489.0,66.1,59.3,10.0,9.7,8.8,30.1,16.0,9.1,8.0,7.3,6.0,5.1,8.1,21.2,13.7,7.0,8.3,11.7,14.4,11.5,7.7
INDIANA,2014,5131317.0,64.1,58.4,8.8,8.5,7.9,24.5,14.5,8.5,6.6,5.8,5.2,4.8,7.9,18.0,15.1,6.1,11.0,10.5,13.5,11.0,7.8
IOWA,2014,2434242.0,67.9,64.2,5.4,5.3,4.4,16.5,9.5,4.8,4.0,3.3,3.2,3.0,5.0,14.8,12.2,5.0,7.7,9.3,12.5,9.0,4.9
KANSAS,2014,2236421.0,67.4,62.2,6.6,6.2,5.8,19.8,10.4,6.1,4.9,4.4,3.8,2.7,5.7,14.9,13.6,7.7,11.1,9.3,13.4,8.9,5.5
KENTUCKY,2014,3476701.0,59.8,53.8,9.3,9.2,8.2,25.8,15.7,9.4,6.4,5.4,4.6,4.8,8.7,15.6,17.0,7.1,8.7,8.5,15.4,11.1,8.7
LOUISIANA,2014,3610029.0,61.1,55.5,8.7,8.1,8.0,28.3,15.9,8.2,5.7,5.2,4.4,4.0,6.3,14.0,9.4,5.8,7.1,6.7,11.5,8.4,6.2
MAINE,2014,1095219.0,63.9,59.0,7.4,7.7,6.1,20.5,12.9,7.5,5.7,4.8,4.9,2.9,7.2,16.8,18.1,4.2,3.5,9.4,15.9,11.6,7.2
MARYLAND,2014,4695768.0,68.9,62.8,8.0,7.8,7.1,25.6,15.1,7.4,5.8,5.6,5.3,5.3,6.1,12.4,10.7,5.2,4.1,8.0,10.6,7.7,6.0
MASSACHUSETTS,2014,5427407.0,67.6,61.8,8.4,8.5,7.1,23.1,12.9,7.6,6.9,6.6,6.5,5.8,7.6,14.6,18.0,7.8,13.1,14.5,11.5,14.0,7.3
MICHIGAN,2014,7893971.0,61.5,54.4,11.4,11.5,9.7,29.9,17.4,11.0,8.7,8.0,7.7,6.5,9.6,22.9,16.6,6.9,12.8,14.2,18.5,14.2,9.5
MINNESOTA,2014,4247699.0,70.1,65.5,6.5,6.5,5.2,18.7,10.2,5.8,5.0,4.9,4.1,3.5,5.6,16.4,17.4,7.2,7.9,11.0,13.2,10.1,5.5
MISSISSIPPI,2014,2323223.0,58.4,51.6,10.9,10.1,10.2,36.4,22.2,10.4,6.7,5.7,4.6,5.0,7.6,16.8,20.1,5.8,11.0,9.0,13.0,10.1,7.6
MISSOURI,2014,4781853.0,63.9,58.1,8.4,8.4,7.2,23.3,13.5,7.8,6.5,5.8,4.8,4.9,7.2,17.2,13.1,4.5,12.2,10.7,12.9,9.1,7.2
MONTANA,2014,807917.0,64.3,59.6,6.8,7.3,5.3,20.7,12.0,5.9,5.4,5.2,3.1,4.7,6.0,7.3,20.8,4.4,14.5,9.0,10.6,10.2,5.9
NEBRASKA,2014,1442692.0,70.5,66.4,5.4,5.0,4.6,18.1,9.5,4.8,3.9,3.1,2.9,1.8,4.7,14.5,21.0,5.0,8.0,8.3,10.5,9.8,4.4
NEVADA,2014,2175721.0,65.1,57.0,11.8,11.7,10.3,31.6,17.2,10.4,10.3,9.9,11.1,14.8,11.2,18.2,20.0,9.0,16.4,11.6,15.0,12.5,10.7
NEW HAMPSHIRE,2014,1080795.0,68.7,64.1,6.5,6.2,5.3,20.8,10.9,5.5,5.0,4.8,5.1,4.3,6.3,8.4,9.3,7.5,0.0,9.3,11.9,12.1,6.2
NEW JERSEY,2014,7080181.0,66.3,59.8,9.7,9.1,9.1,26.3,16.2,9.0,7.7,7.8,8.7,7.6,8.5,16.3,15.5,6.6,6.9,11.3,13.7,10.9,8.2
NEW MEXICO,2014,1625155.0,60.2,53.9,9.6,9.2,8.4,30.3,15.7,9.1,7.0,5.8,6.5,5.5,8.5,12.0,17.5,6.6,3.2,11.3,11.1,11.0,6.8
NEW YORK,2014,15832743.0,63.5,57.7,8.9,8.7,8.0,27.4,16.0,8.2,6.7,6.6,6.7,6.4,7.3,14.4,13.9,7.6,8.1,12.0,12.4,11.3,7.0
NORTH CAROLINA,2014,7717630.0,63.2,55.6,10.5,9.9,9.7,32.1,18.3,9.6,8.1,7.4,6.5,5.3,8.7,16.8,13.6,7.0,12.5,10.4,15.8,10.6,8.6
NORTH DAKOTA,2014,563755.0,70.5,67.4,3.1,2.9,2.5,10.8,5.3,2.7,2.1,1.6,2.0,2.5,2.7,7.8,9.6,2.9,6.8,5.1,8.8,6.5,2.7
OHIO,2014,9197668.0,63.6,57.7,9.2,9.1,7.7,27.5,14.9,8.6,6.9,6.2,5.1,4.1,7.8,18.7,15.4,5.3,11.0,11.6,17.3,11.6,7.8
OKLAHOMA,2014,2977835.0,61.9,57.1,6.8,6.2,6.4,21.1,11.6,6.5,5.0,3.8,3.7,3.0,5.9,11.9,10.0,4.8,8.9,7.0,10.6,7.1,5.8
OREGON,2014,3139152.0,62.5,55.8,10.5,10.7,8.9,29.7,16.2,9.8,8.7,7.7,7.2,5.7,10.2,18.1,17.4,7.5,14.4,11.6,15.4,11.8,10.1
PENNSYLVANIA,2014,10351296.0,62.9,57.4,8.6,8.5,7.3,24.7,15.2,8.1,6.2,5.9,6.0,5.2,7.3,17.7,17.3,7.0,18.4,16.6,15.7,15.2,7.1
RHODE ISLAND,2014,862851.0,65.9,59.3,9.5,9.1,8.5,25.0,14.1,9.0,7.4,6.9,6.4,9.6,8.5,13.4,16.5,8.5,25.6,18.0,16.1,16.3,8.2
SOUTH CAROLINA,2014,3768421.0,61.2,53.9,10.6,10.1,9.8,31.1,18.2,9.8,8.4,6.9,6.8,5.5,8.3,16.7,18.5,7.5,9.1,7.6,14.5,9.1,8.3
SOUTH DAKOTA,2014,651429.0,69.1,65.4,4.8,4.7,3.9,14.7,8.8,4.5,3.3,2.5,1.9,2.1,3.1,10.5,25.1,7.8,0.0,7.2,12.3,8.1,3.1
TENNESSEE,2014,5125250.0,61.4,55.3,9.5,8.9,8.8,27.4,16.6,8.8,7.1,6.2,5.6,5.8,8.3,15.6,13.1,4.8,7.9,6.8,13.9,7.9,8.3
TEXAS,2014,19858082.0,64.9,59.5,7.7,6.8,7.3,25.2,13.2,6.8,5.5,5.4,5.0,4.4,6.8,12.8,9.7,5.7,11.7,8.8,10.9,8.3,6.0
UTAH,2014,2057591.0,68.0,63.2,6.9,6.1,6.0,20.4,9.7,5.8,5.0,4.6,3.9,2.9,6.5,12.8,15.2,5.4,11.9,9.0,12.4,9.7,6.2
VERMONT,2014,517411.0,67.2,62.9,6.2,6.5,5.4,16.3,12.6,5.9,4.4,4.4,2.8,4.0,6.1,13.1,8.5,6.7,8.9,4.1,13.6,8.4,6.0
VIRGINIA,2014,6531424.0,66.4,60.3,6.9,6.6,6.2,24.2,13.9,6.2,4.9,4.5,3.6,4.0,5.7,11.7,8.7,5.3,9.1,7.5,10.1,7.1,5.6
WASHINGTON,2014,5488038.0,64.7,58.2,8.8,8.6,7.7,27.6,15.4,8.0,6.7,6.3,6.1,5.5,8.3,14.0,15.7,7.0,15.0,12.2,13.1,11.1,8.1
WEST VIRGINIA,2014,1513749.0,54.3,49.8,8.2,8.7,6.4,26.7,13.6,8.3,5.8,4.9,3.8,3.4,8.0,11.9,18.6,8.2,11.7,14.2,13.3,9.4,7.9
WISCONSIN,2014,4561244.0,67.4,62.5,7.2,7.5,5.9,17.7,11.5,6.7,5.6,5.4,4.9,4.3,6.3,19.5,14.4,6.6,8.7,10.2,14.0,10.3,6.2
WYOMING,2014,453096.0,68.4,64.3,5.2,5.2,4.3,15.3,9.3,5.1,3.6,3.0,2.8,3.9,4.7,15.4,18.0,5.3,1.6,3.8,11.1,7.0,4.6
ALABAMA,2015,3846845.0,58.3,52.6,9.3,7.4,8.7,29.0,17.3,11.7,9.8,7.3,6.3,5.1,4.8,4.1,7.4,14.5,14.4,4.5,15.3,7.8,15.3
ALASKA,2015,565212.0,70.6,62.1,8.2,6.1,7.7,21.3,13.2,9.0,6.4,6.9,7.0,6.1,6.1,2.2,6.0,11.3,20.3,5.1,12.6,5.5,12.0
ARIZONA,2015,5207123.0,59.7,54.0,8.9,7.3,8.2,26.6,14.3,9.6,7.9,6.8,6.8,7.0,6.6,5.1,7.9,13.2,20.3,5.8,12.4,11.7,12.9
ARKANSAS,2015,2328384.0,58.7,53.9,7.7,6.5,7.2,24.7,13.8,9.1,8.2,6.5,5.3,3.8,3.5,3.3,6.5,14.6,8.8,5.4,8.8,6.6,10.3
CALIFORNIA,2015,30312429.0,63.6,56.9,9.9,8.3,9.2,32.5,16.3,10.8,8.8,7.9,7.7,7.7,6.9,6.4,9.3,16.6,15.0,7.4,14.1,11.5,13.2
COLORADO,2015,4168824.0,68.4,63.0,6.9,6.0,6.3,23.3,11.6,6.9,6.2,4.9,5.4,5.5,5.6,4.6,6.4,12.8,13.0,5.3,9.3,10.0,11.1
CONNECTICUT,2015,2906229.0,67.5,61.3,8.8,7.1,8.2,24.3,14.4,10.0,9.4,7.2,6.9,6.5,6.5,5.8,7.5,16.2,15.0,7.0,9.6,13.8,14.5
DELAWARE,2015,744949.0,63.5,58.2,7.7,6.8,7.2,22.7,13.2,9.3,7.6,5.9,6.0,5.1,4.9,5.2,6.8,10.3,14.5,5.4,8.9,10.5,12.4
FLORIDA,2015,16077778.0,59.2,53.1,9.7,8.1,9.1,29.3,15.8,10.9,9.4,7.8,7.7,7.8,7.2,7.4,8.4,15.6,15.5,6.3,16.5,10.8,12.3
GEORGIA,2015,7792052.0,63.0,56.3,9.7,7.3,8.9,30.7,17.8,11.0,9.3,7.4,7.0,6.6,6.0,4.5,7.3,14.7,11.8,5.7,6.0,7.7,14.3
HAWAII,2015,1130491.0,65.2,57.8,6.1,5.8,5.7,22.8,10.7,7.3,6.2,5.1,4.2,4.2,3.3,3.3,5.9,10.3,7.7,3.9,11.0,8.2,7.9
IDAHO,2015,1232564.0,62.8,58.1,7.2,6.6,6.3,24.0,11.6,7.7,5.8,4.9,5.3,4.8,6.0,3.9,6.8,15.6,17.7,6.4,6.0,8.3,14.6
ILLINOIS,2015,10201787.0,65.8,59.7,9.1,6.8,8.4,28.6,15.1,9.8,8.3,7.5,7.0,6.8,5.3,4.8,7.2,20.0,12.7,6.4,10.1,10.5,13.2
INDIANA,2015,5160786.0,64.0,58.9,7.8,6.8,7.3,22.2,13.3,9.2,7.7,6.7,5.7,4.8,4.4,4.4,6.9,16.6,14.5,5.6,10.3,9.0,12.8
IOWA,2015,2447401.0,67.7,64.3,4.9,4.4,4.4,15.3,8.4,5.2,4.6,3.8,3.7,3.0,2.9,2.7,4.5,14.2,11.0,5.3,13.6,7.9,10.6
KANSAS,2015,2247842.0,67.0,62.3,5.9,5.0,5.4,18.7,9.8,6.7,5.6,4.6,4.4,4.1,3.2,2.5,5.2,12.8,13.3,7.1,17.1,8.5,11.9
KENTUCKY,2015,3493098.0,59.6,54.1,8.4,7.9,7.9,23.9,14.0,10.8,8.8,7.2,5.7,4.8,3.6,3.9,7.9,14.1,15.5,5.8,6.4,8.0,13.8
LOUISIANA,2015,3634163.0,60.8,55.5,8.1,5.8,7.6,26.9,15.1,9.8,8.3,6.3,5.3,4.9,3.8,3.2,6.0,13.0,8.2,5.3,10.9,5.3,11.9
MAINE,2015,1098075.0,63.6,59.1,6.8,6.6,6.4,18.6,11.7,9.0,6.8,5.7,5.2,4.7,4.3,4.1,6.6,17.5,16.0,4.2,6.0,9.8,14.2
MARYLAND,2015,4737405.0,68.4,62.8,7.4,5.5,6.9,23.1,14.2,8.5,7.4,5.9,5.3,5.3,4.8,5.1,5.6,11.3,8.9,5.2,3.6,7.2,10.0
MASSACHUSETTS,2015,5479502.0,67.5,62.3,7.6,6.5,7.0,21.1,12.0,8.0,6.8,6.3,6.1,5.8,5.5,5.1,6.8,12.8,17.1,7.0,6.0,13.1,10.7
MICHIGAN,2015,7925988.0,61.3,55.2,9.8,8.0,9.1,26.8,15.6,11.4,9.8,8.3,7.3,6.8,6.1,5.4,8.1,20.7,14.3,6.2,6.3,12.8,16.6
MINNESOTA,2015,4281141.0,70.0,66.0,5.6,4.7,5.1,16.1,9.2,6.0,5.2,4.3,4.3,4.3,3.6,3.5,4.8,14.7,16.3,6.4,5.4,9.4,11.5
MISSISSIPPI,2015,2333154.0,58.0,51.6,10.3,7.1,9.6,35.0,20.6,13.2,10.2,8.1,6.2,5.7,4.0,5.4,7.1,15.9,17.7,6.7,4.8,8.3,12.4
MISSOURI,2015,4803676.0,63.6,58.5,7.5,6.3,6.9,21.5,12.3,8.5,7.4,6.0,5.6,5.3,4.1,4.3,6.3,15.7,11.9,4.3,10.4,8.5,12.1
MONTANA,2015,814661.0,64.0,59.6,6.2,5.5,5.9,17.3,11.4,6.8,5.8,4.6,4.9,4.9,2.8,3.8,5.5,6.2,19.3,3.7,7.2,7.0,10.0
NEBRASKA,2015,1454157.0,70.2,66.6,4.7,3.8,4.1,16.4,8.1,5.4,3.7,3.7,3.3,2.8,2.3,1.9,4.1,11.2,17.5,4.7,5.9,8.7,8.8
NEVADA,2015,2210559.0,64.4,57.3,10.5,9.5,9.9,28.6,15.4,10.2,9.7,8.9,8.8,9.3,9.0,12.4,9.9,16.3,17.3,8.1,12.3,10.4,13.4
NEW HAMPSHIRE,2015,1087512.0,68.3,64.3,5.8,5.6,5.1,18.6,10.2,6.6,5.2,4.0,4.4,4.0,4.3,3.3,5.6,9.6,9.0,5.1,9.4,9.2,10.0
NEW JERSEY,2015,7120154.0,66.0,60.1,8.8,7.4,8.3,25.4,15.4,10.0,8.5,7.2,6.9,6.7,7.7,6.4,7.7,15.3,13.4,6.0,8.6,10.2,13.4
NEW MEXICO,2015,1633310.0,59.6,53.6,9.2,6.4,8.4,30.0,15.3,10.9,8.1,7.8,6.7,5.0,6.0,4.6,8.1,12.3,17.3,6.5,1.4,10.6,11.5
NEW YORK,2015,15921937.0,63.5,58.1,8.2,6.4,7.7,26.1,15.1,9.5,7.7,6.4,6.2,5.9,5.9,5.7,6.7,13.6,13.7,6.8,11.1,11.2,11.2
NORTH CAROLINA,2015,7812594.0,62.8,56.0,9.4,7.5,8.7,29.8,16.9,11.1,8.7,7.3,6.9,6.3,5.5,4.6,7.6,15.3,11.8,6.1,10.8,9.4,14.0
NORTH DAKOTA,2015,575611.0,70.3,67.4,2.9,2.4,2.6,8.9,4.5,3.5,2.3,2.2,2.0,1.7,2.2,2.4,2.5,5.1,10.9,2.5,9.3,3.7,4.9
OHIO,2015,9229397.0,63.4,58.1,8.2,6.8,7.5,24.7,13.7,9.2,8.2,6.7,6.0,5.4,4.4,3.2,6.8,17.4,15.3,4.9,10.1,10.6,15.6
OKLAHOMA,2015,3003180.0,61.7,57.3,6.3,5.3,5.8,20.5,10.9,7.3,6.0,4.9,4.7,3.6,3.4,2.7,5.4,11.3,9.2,4.8,6.8,6.0,10.0
OREGON,2015,3177669.0,62.2,56.3,9.3,8.9,8.7,28.0,15.0,10.2,8.9,7.5,7.7,7.0,5.8,5.4,9.0,16.2,16.5,6.4,11.8,11.1,14.3
PENNSYLVANIA,2015,10384811.0,62.8,57.8,7.9,6.4,7.3,23.2,14.3,9.4,7.6,6.5,5.7,5.2,5.3,4.5,6.7,16.7,18.3,6.6,14.5,15.1,14.7
RHODE ISLAND,2015,865174.0,65.8,59.9,8.5,7.2,7.8,25.0,12.4,9.6,8.1,7.6,6.2,6.0,6.0,8.9,7.5,12.4,15.5,7.0,32.6,17.6,14.7
SOUTH CAROLINA,2015,3816548.0,60.9,54.4,9.5,7.3,8.9,28.7,17.1,11.0,9.0,7.5,7.1,6.5,5.2,4.2,7.3,15.3,14.7,7.1,6.3,6.6,13.6
SOUTH DAKOTA,2015,657804.0,69.0,65.5,4.5,2.9,4.2,12.9,8.3,5.6,4.5,3.6,3.3,2.5,1.8,1.7,3.0,7.9,23.2,7.1,0.0,6.6,12.4
TENNESSEE,2015,5174955.0,61.3,55.8,8.4,7.3,7.9,25.0,14.8,10.0,8.1,6.7,6.2,5.6,4.9,5.1,7.3,14.2,10.5,5.1,6.6,6.6,12.1
TEXAS,2015,20241168.0,64.7,59.8,7.0,5.5,6.4,23.4,12.3,7.7,6.5,5.2,5.0,5.0,4.5,4.0,6.2,11.7,9.7,5.0,12.2,7.7,9.8
UTAH,2015,2096916.0,67.9,63.8,5.8,5.2,5.0,18.0,7.9,5.8,5.2,4.2,3.9,4.1,3.0,2.7,5.5,10.4,12.4,5.2,9.8,7.0,10.2
VERMONT,2015,519139.0,66.7,62.9,5.5,5.3,5.2,14.9,11.8,6.8,5.8,3.9,3.8,3.2,2.5,3.5,5.3,10.0,8.9,6.2,12.1,3.0,13.1
VIRGINIA,2015,6598956.0,66.3,60.5,6.5,5.1,6.0,22.4,12.9,7.7,6.1,4.9,4.5,4.2,3.5,3.6,5.3,11.2,8.2,4.9,7.7,6.6,9.0
WASHINGTON,2015,5568640.0,64.4,58.5,7.9,7.2,7.3,25.9,13.9,8.7,7.3,6.1,5.9,5.5,5.2,4.7,7.4,12.2,13.6,6.4,12.8,10.4,11.5
WEST VIRGINIA,2015,1512183.0,53.9,49.7,7.8,7.6,7.3,25.4,13.4,10.7,8.2,6.5,5.5,4.6,3.5,3.1,7.6,11.6,13.5,5.2,14.0,9.0,14.0
WISCONSIN,2015,4583931.0,67.2,62.9,6.3,5.3,5.9,16.0,10.6,6.9,6.4,5.1,4.8,4.4,4.0,3.6,5.4,18.0,13.6,6.3,8.9,8.5,12.8
WYOMING,2015,456640.0,68.2,64.4,4.9,4.3,4.5,14.6,7.9,5.8,4.6,4.2,3.4,3.0,2.9,2.9,4.4,11.1,15.8,5.5,7.1,3.7,12.1
ALABAMA,2016,3864302.0,57.9,52.8,8.3,6.5,7.8,26.3,16.0,10.4,8.9,6.3,5.5,4.6,3.9,3.8,6.5,13.1,12.1,4.1,24.2,6.9,13.5
ALASKA,2016,568732.0,70.4,62.2,7.8,5.7,7.3,22.2,13.4,8.0,6.4,6.1,6.7,6.3,5.6,3.8,5.6,10.2,20.0,4.8,12.4,7.9,12.2
ARIZONA,2016,5290839.0,59.5,54.4,8.0,6.6,7.3,24.7,12.8,8.5,7.3,6.0,5.9,6.4,5.8,5.1,7.1,11.2,18.9,5.3,10.0,9.9,11.7
ARKANSAS,2016,2339307.0,58.3,54.1,6.9,5.8,6.3,22.7,12.5,8.2,7.1,5.6,4.6,3.6,3.0,3.5,5.8,12.9,9.4,4.4,8.4,5.0,9.8
CALIFORNIA,2016,30565746.0,63.4,57.5,8.7,7.3,8.2,29.6,14.7,9.6,7.8,6.9,6.7,6.8,5.9,5.7,8.2,15.0,13.8,6.5,11.6,10.1,11.6
COLORADO,2016,4245559.0,68.2,63.4,6.0,5.2,5.4,20.6,10.4,6.0,5.3,4.2,4.6,4.7,4.5,4.0,5.5,10.9,11.7,4.0,10.5,8.5,9.9
CONNECTICUT,2016,2911925.0,67.2,61.6,8.0,6.3,7.4,23.1,12.9,8.9,8.2,6.7,6.2,5.8,5.5,5.1,6.7,14.6,14.1,6.1,11.3,12.6,14.1
DELAWARE,2016,753039.0,63.1,58.2,7.1,6.3,6.7,21.0,13.1,8.3,6.7,5.6,5.6,4.9,4.7,5.7,6.4,9.5,11.9,4.4,9.5,8.4,11.7
FLORIDA,2016,16339299.0,58.8,53.6,8.4,7.1,7.9,26.0,14.0,9.5,8.2,6.8,6.7,6.6,5.9,5.8,7.2,13.7,13.8,5.7,12.1,9.1,11.1
GEORGIA,2016,7882965.0,62.9,56.9,8.5,6.3,7.9,27.5,16.1,9.8,8.3,6.6,6.0,5.9,5.0,3.7,6.4,13.1,10.7,4.8,5.7,6.8,12.7
HAWAII,2016,1137804.0,65.2,58.4,5.5,5.4,5.2,20.9,9.7,5.9,5.7,4.9,3.9,3.9,3.1,2.2,5.3,9.3,9.4,3.5,10.7,8.0,7.0
IDAHO,2016,1251275.0,62.6,58.4,6.2,5.7,5.4,21.2,10.2,7.0,4.9,4.3,4.4,4.0,4.7,4.8,5.9,14.0,15.4,5.6,4.1,7.3,13.9
ILLINOIS,2016,10206768.0,65.6,60.1,8.2,6.0,7.6,26.1,13.9,8.7,7.3,6.7,6.2,6.1,4.6,4.4,6.4,18.6,10.4,5.9,8.9,9.3,12.4
INDIANA,2016,5185793.0,64.0,59.5,6.9,5.9,6.4,20.2,12.1,8.1,6.8,5.7,5.0,4.1,3.8,3.2,6.0,15.3,11.4,5.2,9.0,7.7,11.9
IOWA,2016,2459591.0,67.7,64.5,4.5,4.0,4.1,13.8,7.5,4.9,4.2,3.6,3.4,2.8,2.6,2.3,4.2,11.5,10.7,5.2,9.7,8.1,8.9
KANSAS,2016,2255916.0,66.7,62.5,5.3,4.5,4.8,17.4,8.7,5.9,4.7,4.2,4.0,3.6,2.9,1.9,4.7,10.9,11.8,5.6,11.7,7.3,10.4
KENTUCKY,2016,3511065.0,59.4,54.5,7.6,7.1,7.0,22.5,12.6,9.4,7.9,6.5,5.0,4.1,3.1,3.6,7.1,12.1,12.5,4.8,5.4,7.8,13.5
LOUISIANA,2016,3654913.0,60.4,55.4,7.7,5.5,7.2,25.4,14.1,9.5,8.0,5.9,5.1,4.9,3.2,3.2,5.6,12.2,8.1,5.1,12.9,5.7,11.0
MAINE,2016,1101688.0,63.2,59.2,6.0,5.8,5.6,17.4,10.9,7.9,5.7,5.0,4.3,4.0,3.9,4.7,5.8,15.1,12.1,4.1,5.2,8.2,13.7
MARYLAND,2016,4764901.0,68.2,63.1,6.7,5.0,6.3,21.3,13.1,7.9,6.4,5.2,4.9,4.7,4.2,4.4,5.1,10.2,7.2,4.7,2.2,6.3,9.2
MASSACHUSETTS,2016,5522235.0,67.5,62.8,6.8,5.8,6.3,19.2,11.1,7.2,5.8,5.6,5.4,5.1,4.8,4.1,6.1,11.6,14.3,6.2,5.4,11.9,9.2
MICHIGAN,2016,7953581.0,61.2,55.9,8.5,6.8,7.9,23.9,14.0,9.9,8.3,7.0,6.2,5.6,4.9,4.7,6.9,18.2,12.5,5.7,6.1,10.6,14.7
MINNESOTA,2016,4311636.0,69.9,66.4,4.8,4.0,4.4,14.2,8.1,5.4,4.5,3.8,3.4,3.8,3.0,2.7,4.1,12.9,14.8,5.6,4.8,8.4,10.1
MISSISSIPPI,2016,2338750.0,57.8,51.9,9.6,6.5,9.0,32.6,18.6,12.5,9.6,7.8,5.9,5.2,3.4,4.1,6.5,14.8,17.6,5.9,3.4,6.4,15.0
MISSOURI,2016,4823223.0,63.3,58.8,6.6,5.6,6.2,18.8,10.9,7.8,6.6,5.3,5.0,4.6,3.3,3.7,5.6,13.8,10.0,3.8,8.3,7.5,10.5
MONTANA,2016,822530.0,63.7,59.7,5.6,4.9,5.4,15.4,9.9,6.0,5.4,4.4,4.4,4.5,2.5,4.3,5.0,7.0,16.3,2.5,9.9,8.3,10.1
NEBRASKA,2016,1463872.0,70.0,66.8,4.2,3.3,3.7,14.7,7.3,4.7,3.2,3.4,2.9,2.5,2.0,1.6,3.7,9.6,16.6,4.7,9.0,7.3,8.6
NEVADA,2016,2248477.0,64.2,57.9,9.3,8.4,8.8,25.0,14.0,10.1,8.2,7.7,7.8,8.1,7.8,9.5,8.6,15.0,15.6,7.0,10.8,9.4,12.1
NEW HAMPSHIRE,2016,1094783.0,68.2,64.6,5.1,4.9,4.5,16.1,9.3,5.6,4.8,3.4,3.9,3.5,3.8,3.4,5.0,9.2,5.0,4.4,9.8,6.3,9.1
NEW JERSEY,2016,7143654.0,65.8,60.5,7.9,6.6,7.4,23.2,14.2,8.9,7.7,6.4,6.1,5.9,6.5,5.9,6.8,13.9,14.5,5.6,13.3,9.0,11.7
NEW MEXICO,2016,1637594.0,59.0,53.5,8.5,6.1,7.8,27.7,14.3,10.2,7.7,7.1,6.0,4.5,4.9,5.2,7.4,11.0,16.9,5.9,1.4,9.2,9.6
NEW YORK,2016,15964950.0,63.4,58.5,7.5,5.8,7.1,24.2,14.2,8.6,7.0,5.9,5.6,5.4,5.2,4.9,6.1,12.5,14.1,6.2,7.8,10.2,10.4
NORTH CAROLINA,2016,7907915.0,62.6,56.4,8.3,6.6,7.7,27.2,15.2,9.9,7.7,6.5,6.0,5.7,4.6,4.1,6.7,13.5,11.3,5.9,11.6,7.9,12.9
NORTH DAKOTA,2016,585370.0,70.5,67.6,2.8,2.4,2.5,8.9,4.3,3.1,2.1,2.1,2.2,1.6,1.9,2.4,2.4,5.6,10.3,1.5,6.4,4.1,4.3
OHIO,2016,9255859.0,63.3,58.6,7.2,5.9,6.6,22.2,12.5,8.3,7.2,6.0,5.2,4.7,3.8,3.0,6.0,15.8,14.5,4.3,10.3,10.4,13.6
OKLAHOMA,2016,3025259.0,61.5,57.3,6.0,5.0,5.5,18.9,10.5,6.9,5.7,4.8,4.3,3.6,3.0,2.7,5.1,10.8,8.6,4.7,9.0,5.6,8.8
OREGON,2016,3219754.0,62.0,56.9,8.1,7.6,7.5,24.9,13.4,8.9,7.5,6.3,6.6,6.2,5.0,3.9,7.7,15.1,14.5,5.8,10.4,9.3,12.8
PENNSYLVANIA,2016,10402780.0,62.6,58.1,7.2,5.8,6.7,21.8,13.3,8.5,6.9,5.9,5.1,4.8,4.4,4.0,6.0,15.2,16.1,6.0,13.1,13.9,13.3
RHODE ISLAND,2016,868361.0,65.3,59.9,7.7,6.6,7.1,21.6,11.4,8.8,7.8,6.9,5.6,5.5,5.4,8.8,6.9,12.2,14.6,6.1,0.0,13.4,13.4
SOUTH CAROLINA,2016,3871553.0,60.8,55.0,8.4,6.4,7.8,26.1,15.8,9.7,7.8,6.4,6.1,5.8,4.3,4.0,6.4,13.5,11.8,5.8,4.2,6.5,11.6
SOUTH DAKOTA,2016,663635.0,68.7,65.5,4.1,2.6,3.8,12.7,7.7,4.8,4.1,3.3,2.9,2.3,1.6,1.9,2.7,4.7,22.6,7.5,0.0,5.3,9.7
TENNESSEE,2016,5222438.0,61.1,56.2,7.5,6.4,7.0,22.4,13.4,9.2,7.0,6.1,5.4,4.8,4.3,3.9,6.4,12.6,10.6,4.4,6.6,5.4,11.1
TEXAS,2016,20599223.0,64.6,60.1,6.4,5.0,5.9,21.7,11.3,7.1,5.8,4.9,4.6,4.5,3.9,3.7,5.8,10.5,8.4,4.8,11.5,6.8,8.7
UTAH,2016,2136930.0,67.9,64.3,5.1,4.6,4.4,15.7,7.4,4.7,4.6,3.5,3.6,3.4,2.6,1.8,4.8,9.2,11.6,4.5,9.4,5.7,8.5
VERMONT,2016,520197.0,66.3,62.9,5.0,4.8,4.7,14.1,10.2,6.2,5.3,3.5,3.4,3.1,2.4,3.1,4.8,9.8,6.3,6.3,0.0,2.5,9.7
VIRGINIA,2016,6653111.0,66.2,60.7,5.9,4.8,5.5,21.0,12.1,7.2,5.5,4.6,4.1,3.6,3.2,3.3,4.9,9.9,7.9,4.6,9.0,5.9,8.4
WASHINGTON,2016,5647697.0,64.2,59.0,6.8,6.3,6.3,23.2,12.4,7.7,6.3,5.3,5.1,4.8,4.2,4.2,6.4,10.5,13.3,5.5,10.1,8.5,10.5
WEST VIRGINIA,2016,1509212.0,53.8,49.7,7.5,7.4,7.1,24.1,13.3,10.6,8.0,6.4,5.2,4.2,3.4,3.5,7.4,11.1,7.7,4.0,19.5,8.9,12.3
WISCONSIN,2016,4603725.0,66.9,63.2,5.5,4.6,5.1,14.5,9.3,6.2,5.3,4.6,4.1,3.7,3.2,3.2,4.7,15.8,10.9,5.2,5.9,8.0,11.3
WYOMING,2016,459198.0,67.7,63.9,4.9,4.5,4.5,14.9,7.7,4.9,4.8,4.2,3.9,3.3,2.8,3.8,4.6,9.1,14.5,5.5,11.4,4.6,9.6
ALABAMA,2017,3876136.0,57.6,53.0,7.4,5.8,7.0,24.0,14.6,9.4,7.9,5.7,4.8,4.2,3.4,3.4,5.8,11.9,7.9,3.9,24.4,6.1,11.8
ALASKA,2017,571453.0,70.1,62.0,7.7,5.5,7.2,22.5,13.0,8.6,6.4,5.9,6.5,5.9,5.1,3.6,5.6,9.7,19.5,3.6,11.7,7.1,12.4
ARIZONA,2017,5371341.0,59.5,55.0,7.1,5.9,6.5,22.6,11.4,7.6,6.3,5.3,5.2,5.5,4.9,4.5,6.3,9.9,16.6,5.0,8.5,8.6,11.2
ARKANSAS,2017,2351061.0,58.1,54.3,6.3,5.3,5.8,20.7,11.5,7.3,6.7,5.2,4.1,3.5,3.0,3.2,5.3,11.6,8.4,4.5,6.5,5.1,8.4
CALIFORNIA,2017,30910058.0,63.5,58.2,7.7,6.4,7.1,26.5,13.1,8.4,6.9,6.0,5.8,5.9,5.0,5.1,7.1,13.4,12.2,5.7,9.6,8.7,10.1
COLORADO,2017,4320213.0,68.2,63.9,5.2,4.6,4.8,17.6,9.2,5.3,4.8,3.8,3.9,4.1,3.8,3.3,4.9,8.6,10.2,3.7,8.0,7.2,8.7
CONNECTICUT,2017,2928091.0,66.7,61.6,7.2,5.7,6.7,22.1,12.1,8.1,7.5,5.8,5.6,5.2,4.8,4.4,6.1,12.9,13.4,5.8,25.8,11.6,12.5
DELAWARE,2017,762704.0,62.2,57.9,6.4,5.8,6.0,19.9,11.6,7.8,6.1,5.0,4.9,4.3,4.2,4.7,5.8,8.5,11.6,3.7,7.0,7.1,9.6
FLORIDA,2017,16645386.0,58.7,54.2,7.2,6.0,6.8,23.0,12.3,8.2,7.1,5.8,5.6,5.7,4.7,5.1,6.2,11.8,11.8,5.2,8.9,8.0,9.7
GEORGIA,2017,7985333.0,62.9,57.7,7.5,5.6,6.9,24.6,14.4,8.6,7.3,5.9,5.1,5.0,4.2,3.7,5.6,11.5,8.7,4.2,5.7,5.9,11.0
HAWAII,2017,1145914.0,65.1,58.6,4.9,4.8,4.6,19.8,8.7,5.2,4.9,4.4,3.4,3.6,2.6,1.8,4.8,9.8,11.4,3.0,9.3,6.2,6.1
IDAHO,2017,1271362.0,62.5,58.9,5.4,5.0,4.7,18.4,9.6,5.9,4.1,3.6,3.4,3.1,3.9,5.0,5.1,11.6,12.1,4.2,5.9,6.0,10.4
ILLINOIS,2017,10237883.0,65.3,60.4,7.4,5.4,6.8,23.6,13.0,8.0,6.6,6.0,5.5,5.5,4.1,4.1,5.7,17.2,9.8,5.4,8.4,8.2,10.8
INDIANA,2017,5216340.0,63.8,59.9,6.1,5.2,5.6,18.5,10.5,7.2,6.0,5.2,4.3,3.5,2.9,2.7,5.2,13.7,9.4,4.6,8.4,6.6,10.5
IOWA,2017,2470612.0,67.6,64.7,4.1,3.7,3.7,12.9,6.9,4.4,3.7,3.4,3.0,2.6,2.2,1.9,3.8,10.3,7.9,5.0,9.1,7.7,8.3
KANSAS,2017,2264633.0,66.7,62.7,4.8,4.0,4.3,16.0,8.2,5.0,4.4,3.6,3.5,3.2,2.5,1.6,4.2,10.0,10.6,4.3,14.1,7.0,9.3
KENTUCKY,2017,3526066.0,59.4,55.0,6.8,6.3,6.3,19.9,11.3,8.5,7.0,6.0,4.5,3.7,2.8,3.3,6.3,11.4,11.9,4.6,2.9,7.7,12.8
LOUISIANA,2017,3674007.0,60.0,55.3,7.2,5.2,6.8,23.8,13.7,9.1,7.4,5.6,4.7,4.4,2.8,2.8,5.3,11.3,8.2,4.7,19.2,5.4,11.6
MAINE,2017,1104528.0,63.1,59.6,5.3,5.1,4.8,16.3,9.4,6.8,4.9,4.3,3.9,3.8,3.5,5.5,5.1,12.2,10.1,3.9,0.0,8.2,11.0
MARYLAND,2017,4800851.0,68.1,63.3,6.1,4.6,5.7,19.9,12.0,7.4,5.9,4.8,4.4,4.2,3.8,4.0,4.7,9.2,6.5,4.3,2.6,6.2,8.1
MASSACHUSETTS,2017,5576176.0,67.3,63.2,6.0,5.1,5.5,17.7,9.9,6.4,5.2,5.0,4.7,4.5,4.2,3.7,5.4,10.4,10.1,5.6,6.9,9.9,8.1
MICHIGAN,2017,7985908.0,61.2,56.7,7.4,5.8,6.8,21.4,12.5,8.7,7.3,6.1,5.3,4.8,4.1,3.5,5.9,16.3,11.4,5.1,5.3,9.1,12.6
MINNESOTA,2017,4347413.0,69.9,66.8,4.3,3.5,3.9,12.8,7.1,4.8,4.1,3.4,3.0,3.4,2.7,2.8,3.6,11.0,13.3,5.2,6.9,7.5,9.1
MISSISSIPPI,2017,2341439.0,57.7,52.2,8.8,6.0,8.2,30.2,17.2,11.3,9.2,7.2,5.2,5.0,3.3,4.0,6.1,13.3,15.2,4.7,3.3,5.9,14.2
MISSOURI,2017,4844505.0,63.2,59.2,5.8,4.9,5.4,16.5,9.8,6.9,5.7,4.7,4.4,3.9,2.8,2.9,4.9,12.1,10.2,3.4,6.1,5.8,8.9
MONTANA,2017,828198.0,63.6,60.1,4.8,4.2,4.6,13.4,8.4,5.3,4.7,3.6,3.8,3.8,2.2,2.8,4.2,8.8,15.1,5.4,2.7,4.4,6.8
NEBRASKA,2017,1474713.0,69.9,66.9,3.8,3.0,3.3,14.0,6.9,4.2,2.7,3.2,2.6,2.3,1.8,1.4,3.3,8.7,13.7,4.4,15.5,7.1,8.4
NEVADA,2017,2292486.0,63.9,58.5,8.0,7.2,7.5,23.6,12.3,8.5,7.0,6.7,6.5,6.6,6.4,7.5,7.3,13.8,13.9,5.9,9.2,8.1,10.3
NEW HAMPSHIRE,2017,1102267.0,67.9,64.7,4.5,4.3,4.0,14.3,7.9,4.9,3.9,3.2,3.3,3.5,3.5,3.4,4.4,8.7,7.2,4.3,8.8,4.9,7.6
NEW JERSEY,2017,7197215.0,65.6,61.0,7.0,5.8,6.6,21.2,12.9,7.8,6.7,5.6,5.4,5.3,5.6,5.0,6.0,12.2,12.3,5.0,11.4,7.9,10.5
NEW MEXICO,2017,1643708.0,58.5,53.5,7.7,5.7,7.2,23.7,13.0,9.3,7.6,6.5,5.5,4.6,4.2,4.5,6.7,9.4,16.1,5.4,2.6,8.1,8.2
NEW YORK,2017,16080981.0,63.3,58.9,6.8,5.1,6.4,22.2,13.0,7.8,6.3,5.3,5.0,4.8,4.5,4.3,5.4,11.3,12.0,5.6,7.6,9.3,9.3
NORTH CAROLINA,2017,8021719.0,62.6,57.0,7.2,5.6,6.6,24.3,13.3,8.6,6.6,5.5,5.0,4.9,4.0,3.7,5.7,11.7,10.3,5.2,6.7,7.3,11.0
NORTH DAKOTA,2017,592279.0,70.6,67.6,2.7,2.2,2.4,8.6,3.8,3.4,2.5,1.7,2.3,1.8,1.7,1.2,2.2,4.8,12.4,1.8,4.5,5.1,3.4
OHIO,2017,9290812.0,63.2,59.1,6.5,5.2,5.9,19.9,11.1,7.4,6.3,5.4,4.6,4.1,3.5,3.2,5.3,14.2,12.3,4.2,8.4,9.3,12.3
OKLAHOMA,2017,3043261.0,61.4,57.4,5.7,4.8,5.3,18.3,9.9,6.5,5.4,4.8,4.1,3.5,2.7,2.4,4.8,10.5,8.4,4.3,11.8,5.4,8.4
OREGON,2017,3260075.0,62.2,57.9,6.8,6.4,6.3,21.7,11.6,8.0,6.1,5.3,5.5,5.1,4.3,4.2,6.5,12.6,12.7,5.0,7.5,8.1,11.3
PENNSYLVANIA,2017,10419971.0,62.6,58.5,6.5,5.2,6.0,20.1,12.1,7.5,6.4,5.3,4.6,4.2,4.0,3.5,5.4,13.7,15.8,5.8,6.8,12.8,12.3
RHODE ISLAND,2017,871329.0,65.2,60.4,6.8,5.8,6.3,19.6,10.7,8.2,6.8,5.8,5.0,4.8,4.2,7.1,6.1,10.9,10.1,5.3,0.0,12.5,12.2
SOUTH CAROLINA,2017,3926466.0,60.7,55.5,7.2,5.5,6.8,22.9,13.9,8.7,6.9,5.4,5.1,5.0,3.1,3.1,5.5,11.7,11.6,4.6,6.2,6.0,10.2
SOUTH DAKOTA,2017,666450.0,68.7,65.8,3.7,2.4,3.4,11.6,6.6,4.5,3.8,2.9,2.6,2.3,1.8,2.1,2.5,3.4,21.5,4.6,0.0,1.4,8.7
TENNESSEE,2017,5270257.0,61.2,56.9,6.6,5.6,6.1,19.8,11.8,8.4,6.1,5.2,4.8,4.2,3.6,3.7,5.6,11.1,6.8,4.0,8.3,6.0,10.9
TEXAS,2017,20998008.0,64.6,60.4,5.8,4.6,5.3,19.8,10.3,6.3,5.2,4.4,4.2,4.2,3.6,3.5,5.3,9.3,7.7,4.5,9.0,5.9,8.0
UTAH,2017,2179088.0,67.9,64.8,4.4,4.0,3.8,13.8,6.4,4.0,4.1,2.9,3.2,2.8,2.2,1.6,4.1,7.2,12.5,4.1,8.9,5.3,6.5
VERMONT,2017,520031.0,65.9,62.9,4.4,4.3,4.1,13.2,8.4,5.6,4.2,3.2,2.9,3.1,2.2,3.1,4.3,5.7,6.9,3.5,0.0,5.6,8.1
VIRGINIA,2017,6708391.0,66.1,60.9,5.5,4.5,5.1,18.9,11.2,6.8,5.2,4.2,3.7,3.3,3.1,2.5,4.5,9.0,7.2,4.2,6.7,5.7,7.9
WASHINGTON,2017,5734852.0,64.3,59.6,6.0,5.5,5.6,20.9,11.1,6.7,5.7,4.7,4.5,3.9,3.5,3.3,5.6,9.5,12.0,5.0,8.4,7.3,9.6
WEST VIRGINIA,2017,1503051.0,53.6,49.7,7.2,7.0,6.8,23.0,13.4,10.2,7.6,6.1,4.7,3.8,3.1,3.2,7.0,11.2,7.6,4.5,21.1,8.2,12.7
WISCONSIN,2017,4618274.0,66.9,63.7,4.7,3.9,4.4,11.9,8.1,5.5,4.5,3.9,3.5,3.2,2.7,3.0,4.0,13.5,9.9,4.4,4.5,7.2,10.0
WYOMING,2017,459782.0,67.6,63.9,4.7,4.3,4.3,13.2,7.6,4.5,4.7,4.0,3.6,3.2,3.6,5.3,4.4,7.5,14.2,6.1,9.0,4.8,8.2
ALABAMA,2018,3894696.0,57.4,53.3,6.6,5.1,6.2,22.2,12.9,8.8,7.3,5.0,4.2,3.5,3.3,3.0,5.1,10.8,8.3,3.1,22.9,5.4,11.5
ALASKA,2018,571528.0,69.3,61.4,7.4,5.3,7.0,21.6,13.0,7.7,6.5,5.8,6.2,5.8,4.1,3.6,5.3,7.1,19.3,4.0,9.7,6.9,11.7
ARIZONA,2018,5498826.0,59.5,55.4,6.5,5.3,5.8,21.4,10.3,7.1,5.7,4.8,4.6,5.0,4.3,3.8,5.7,9.5,14.6,4.6,7.0,7.6,10.0
ARKANSAS,2018,2364108.0,58.0,54.7,5.5,4.7,5.1,19.3,10.0,6.3,6.0,4.7,3.5,3.3,2.5,2.7,4.7,10.0,7.3,3.7,5.1,5.0,8.9
CALIFORNIA,2018,31109195.0,63.5,58.9,6.7,5.6,6.3,23.9,11.8,7.4,6.1,5.3,5.0,5.2,4.3,4.6,6.3,11.7,10.5,5.0,8.0,7.7,8.8
COLORADO,2018,4409148.0,68.3,64.4,4.7,4.2,4.3,15.7,7.9,4.8,4.3,3.5,3.5,3.6,3.3,3.0,4.4,7.4,9.6,3.4,7.2,6.2,7.1
CONNECTICUT,2018,2924591.0,66.5,61.9,6.5,5.0,6.0,20.5,10.9,7.3,6.6,5.3,5.1,4.6,4.4,3.8,5.4,11.8,12.1,5.2,25.0,11.2,11.5
DELAWARE,2018,769793.0,62.7,58.6,5.9,5.2,5.5,19.1,9.7,7.1,6.1,4.6,4.5,4.1,4.6,3.2,5.2,8.4,6.6,4.2,3.8,5.8,7.9
FLORIDA,2018,16932309.0,58.7,54.7,6.3,5.3,5.9,21.1,10.9,7.1,6.2,5.1,4.9,4.8,4.1,4.5,5.4,10.3,9.5,4.8,7.7,6.9,8.5
GEORGIA,2018,8082220.0,63.0,58.4,6.4,4.8,5.9,21.7,12.2,7.6,6.3,5.0,4.2,4.1,3.6,3.2,4.8,9.8,8.1,3.8,6.2,4.9,8.8
HAWAII,2018,1147445.0,65.3,59.0,4.5,4.5,4.3,16.0,9.2,5.2,4.3,4.2,3.0,3.3,2.4,2.3,4.6,10.7,7.5,2.8,8.4,5.6,5.4
IDAHO,2018,1298537.0,62.4,59.2,4.7,4.3,4.1,15.5,8.3,5.4,3.4,3.3,3.0,3.0,3.4,3.5,4.4,11.2,11.9,3.0,6.5,4.9,9.8
ILLINOIS,2018,10234674.0,65.3,60.8,6.6,4.7,6.1,21.1,11.9,7.4,5.8,5.2,4.8,4.9,3.7,3.4,5.0,15.5,8.6,4.8,7.5,7.1,10.0
INDIANA,2018,5243518.0,63.9,60.3,5.4,4.6,4.9,17.0,9.2,6.4,5.3,4.6,3.7,3.1,2.9,2.4,4.6,12.5,6.8,4.4,8.7,6.0,9.2
IOWA,2018,2484354.0,67.5,64.8,3.9,3.4,3.5,12.3,6.8,4.1,3.6,3.2,2.8,2.3,2.0,1.7,3.5,11.0,7.5,4.6,8.6,6.2,7.9
KANSAS,2018,2272565.0,66.5,62.9,4.4,3.7,3.9,15.1,7.8,4.9,3.8,3.2,3.0,2.9,2.2,1.3,3.9,8.5,9.8,4.0,10.3,6.6,7.8
KENTUCKY,2018,3542792.0,59.3,55.3,6.1,5.6,5.7,18.4,10.3,7.5,6.2,5.5,4.0,3.2,2.9,3.3,5.6,10.8,11.0,3.7,5.7,6.2,12.2
LOUISIANA,2018,3677980.0,59.7,55.2,6.9,5.0,6.5,23.5,12.6,8.6,7.1,5.6,4.6,4.2,2.8,2.4,5.0,10.8,8.4,4.3,9.7,5.8,11.1
MAINE,2018,1109357.0,63.0,60.0,4.6,4.4,4.2,14.8,8.2,6.2,4.3,3.7,3.2,3.3,2.9,5.5,4.4,9.3,10.1,3.7,0.0,7.6,10.4
MARYLAND,2018,4809210.0,67.8,63.4,5.6,4.2,5.2,18.5,11.3,6.8,5.4,4.3,3.9,3.9,3.7,3.8,4.3,8.3,7.2,4.0,1.8,5.7,7.4
MASSACHUSETTS,2018,5619991.0,67.2,63.5,5.4,4.6,5.0,16.5,9.1,5.8,4.5,4.4,4.2,4.1,3.8,3.2,4.8,9.2,10.9,5.1,6.6,9.0,7.6
MICHIGAN,2018,8027949.0,61.3,57.3,6.5,5.1,6.0,19.5,11.3,7.7,6.2,5.3,4.6,4.1,3.7,3.2,5.2,14.6,9.5,4.8,2.5,7.5,11.0
MINNESOTA,2018,4379008.0,69.7,66.9,3.9,3.2,3.6,11.7,6.4,4.3,3.5,3.0,2.8,3.1,2.4,2.6,3.3,9.9,12.8,4.7,6.3,6.2,7.6
MISSISSIPPI,2018,2350291.0,57.4,52.3,8.2,5.7,7.7,28.4,15.7,11.1,8.6,6.8,5.0,4.3,2.7,3.3,5.8,12.3,13.3,4.3,3.8,6.1,11.6
MISSOURI,2018,4864065.0,63.0,59.4,5.1,4.3,4.8,14.4,8.9,6.3,5.0,4.1,3.8,3.4,2.7,3.0,4.4,10.6,9.3,3.2,4.3,5.1,7.9
MONTANA,2018,838808.0,63.5,60.5,4.2,3.7,4.0,11.2,7.4,4.7,3.5,3.7,3.3,3.3,2.7,2.0,3.7,7.3,13.5,5.3,6.4,2.8,5.2
NEBRASKA,2018,1483161.0,69.8,67.0,3.5,2.8,3.1,13.8,6.0,4.0,2.7,2.9,2.4,2.3,1.4,1.7,3.1,7.9,14.2,4.6,11.9,6.0,7.1
NEVADA,2018,2322826.0,63.7,59.0,6.9,6.2,6.4,20.9,10.2,7.4,6.3,5.6,5.7,5.7,5.8,7.2,6.3,11.4,12.9,5.4,8.5,6.7,9.3
NEW HAMPSHIRE,2018,1114817.0,67.8,64.9,4.0,3.9,3.7,12.0,7.2,4.3,3.3,3.2,2.9,3.3,2.7,2.7,3.9,8.2,4.6,4.0,8.1,6.7,6.9
NEW JERSEY,2018,7142175.0,65.6,61.5,6.1,5.1,5.7,19.2,12.1,6.9,5.7,4.8,4.7,4.6,4.8,4.4,5.2,11.0,9.2,4.5,8.8,6.8,8.6
NEW MEXICO,2018,1655769.0,58.0,53.3,7.2,5.2,6.8,20.6,11.7,9.0,7.2,6.4,4.9,4.5,3.9,4.3,6.3,8.9,15.1,5.1,1.3,7.2,8.0
NEW YORK,2018,15951997.0,63.1,59.2,6.0,4.6,5.7,20.6,12.0,6.9,5.5,4.6,4.4,4.3,3.8,3.7,4.8,10.0,11.3,4.9,8.2,8.2,8.7
NORTH CAROLINA,2018,8124899.0,62.4,57.4,6.3,4.9,5.7,22.4,12.0,7.8,5.7,4.8,4.2,4.1,3.5,3.5,5.0,10.3,9.0,4.8,7.4,6.8,9.7
NORTH DAKOTA,2018,595742.0,70.3,67.3,2.8,2.3,2.6,9.7,4.2,3.4,2.2,1.9,2.6,1.8,1.6,0.8,2.3,7.8,11.7,1.7,4.3,3.9,3.7
OHIO,2018,9332790.0,63.2,59.5,5.8,4.7,5.3,18.3,10.1,6.8,5.8,4.9,4.0,3.6,3.2,3.2,4.7,12.8,11.2,3.9,8.4,8.8,11.3
OKLAHOMA,2018,3063396.0,61.3,57.5,5.3,4.5,4.9,17.6,9.0,6.0,5.0,4.3,3.9,3.5,2.3,2.3,4.6,9.7,7.9,3.6,7.6,4.9,7.4
OREGON,2018,3313374.0,62.2,58.4,6.0,5.6,5.5,20.4,10.0,6.7,5.3,4.6,4.8,4.6,3.8,3.9,5.7,10.8,12.1,4.5,4.4,6.8,9.2
PENNSYLVANIA,2018,10432506.0,62.7,59.0,5.8,4.6,5.4,18.4,11.0,6.7,5.6,4.7,4.1,3.8,3.6,3.3,4.8,12.5,13.2,5.2,7.0,10.9,11.3
RHODE ISLAND,2018,873369.0,64.8,60.5,6.1,5.1,5.6,18.6,9.4,7.3,5.7,5.2,4.7,4.1,3.9,5.0,5.4,9.6,12.2,5.3,0.0,10.6,11.6
SOUTH CAROLINA,2018,3985183.0,60.5,55.9,6.4,4.9,6.1,20.0,12.5,8.0,6.3,4.9,4.6,4.1,2.6,3.1,4.9,10.4,9.0,3.9,6.0,5.8,9.3
SOUTH DAKOTA,2018,673638.0,68.5,65.7,3.5,2.3,3.2,11.4,6.5,4.2,3.4,2.6,2.5,2.5,1.7,1.4,2.4,3.6,20.4,3.7,0.0,1.7,7.4
TENNESSEE,2018,5321857.0,61.2,57.3,5.9,5.0,5.5,18.1,10.7,7.6,5.6,4.8,4.1,3.6,3.3,3.9,5.0,10.0,5.5,3.8,16.8,5.6,10.0
TEXAS,2018,21394120.0,64.6,60.7,5.4,4.3,5.0,18.1,9.5,6.0,4.9,4.1,3.9,3.8,3.4,3.0,4.9,8.4,7.3,4.3,8.1,5.4,7.3
UTAH,2018,2224253.0,68.1,65.3,3.9,3.6,3.4,12.0,5.6,3.6,3.6,2.7,2.9,2.3,1.8,2.0,3.7,6.4,11.3,3.9,5.6,4.7,6.2
VERMONT,2018,521723.0,65.8,63.0,4.1,4.0,3.8,11.9,7.7,4.9,3.9,2.8,2.7,3.0,2.6,2.7,4.0,4.2,6.7,3.3,0.0,8.1,8.0
VIRGINIA,2018,6756219.0,65.9,61.0,5.0,4.1,4.6,17.8,9.9,6.3,4.8,3.8,3.5,3.1,2.7,2.2,4.2,8.1,7.0,3.7,5.9,5.1,7.2
WASHINGTON,2018,5843155.0,64.4,60.1,5.3,4.8,4.9,19.2,9.9,6.0,5.0,4.2,3.9,3.6,3.0,3.5,5.0,8.7,11.0,4.4,7.7,6.3,8.4
WEST VIRGINIA,2018,1499244.0,53.2,49.5,6.7,6.6,6.4,22.1,13.0,9.4,7.6,6.0,4.1,3.2,2.8,2.9,6.6,10.6,6.1,4.2,17.6,7.2,11.8
WISCONSIN,2018,4639447.0,66.7,63.9,4.0,3.3,3.7,10.8,6.9,4.8,3.9,3.2,3.0,2.7,2.4,2.6,3.4,11.6,9.7,4.0,4.1,5.9,9.0
WYOMING,2018,458979.0,67.0,63.4,4.5,4.1,4.2,12.2,6.4,5.3,4.7,3.9,3.6,2.9,3.5,4.6,4.2,9.1,11.8,3.6,8.5,6.1,7.2
ALABAMA,2019,3907144.0,57.4,53.7,5.9,4.6,5.5,19.4,11.2,7.9,6.5,4.7,3.7,3.2,3.0,3.0,4.5,9.5,7.8,2.8,20.2,5.3,10.9
ALASKA,2019,571681.0,68.6,60.8,7.2,5.2,6.7,20.7,12.9,7.8,6.3,5.5,5.8,5.1,4.8,2.3,5.2,4.7,18.8,4.1,8.7,6.5,10.8
ARIZONA,2019,5600921.0,59.7,55.9,5.9,4.9,5.3,20.3,9.5,6.6,5.3,4.2,4.1,4.3,4.1,4.4,5.3,8.5,13.2,3.9,6.1,6.6,9.7
ARKANSAS,2019,2374747.0,58.1,54.9,5.1,4.4,4.6,19.3,9.4,5.9,5.3,4.2,3.1,2.9,2.4,2.8,4.3,9.0,5.9,2.3,6.4,5.4,9.1
CALIFORNIA,2019,31284669.0,63.7,59.4,6.1,5.1,5.7,21.5,10.8,6.7,5.3,4.7,4.6,4.6,3.9,4.4,5.7,10.4,9.8,4.6,6.7,6.8,7.9
COLORADO,2019,4489308.0,68.4,64.7,4.3,3.8,3.9,14.6,7.0,4.4,4.1,3.3,3.2,3.4,2.9,2.7,4.0,6.9,8.1,3.4,6.2,6.0,6.5
CONNECTICUT,2019,2924968.0,66.4,62.1,6.0,4.6,5.6,19.3,10.2,6.9,5.8,4.9,4.7,4.2,4.1,3.2,5.0,10.4,11.6,5.2,10.3,10.5,10.7
DELAWARE,2019,777026.0,62.5,58.6,5.5,4.6,5.0,17.7,9.5,6.2,5.2,4.5,4.0,3.9,4.5,2.9,4.7,8.1,5.7,3.8,5.2,5.6,7.7
FLORIDA,2019,17201999.0,58.8,55.2,5.6,4.7,5.2,18.9,9.7,6.4,5.3,4.6,4.2,4.2,3.9,4.1,4.8,9.1,7.3,4.4,5.3,5.8,7.5
GEORGIA,2019,8187263.0,63.2,59.1,5.7,4.3,5.2,19.4,10.7,6.8,5.5,4.4,3.7,3.6,3.4,3.0,4.2,8.6,7.5,3.5,6.6,4.2,8.1
HAWAII,2019,1149147.0,65.4,59.2,4.3,4.5,4.0,15.4,8.6,4.7,4.0,4.1,2.9,3.0,2.2,2.9,4.6,9.3,4.9,2.6,7.5,5.2,5.3
IDAHO,2019,1327132.0,62.7,59.7,4.3,4.0,3.8,15.0,7.6,5.1,3.3,3.0,2.7,2.8,2.7,4.3,4.2,8.5,9.2,3.1,11.5,4.1,7.6
ILLINOIS,2019,10215498.0,65.2,61.2,5.9,4.3,5.5,19.0,11.0,6.7,5.2,4.7,4.4,4.4,3.2,3.2,4.5,14.1,9.0,4.2,5.2,6.3,8.9
INDIANA,2019,5273902.0,63.9,60.7,4.8,4.0,4.4,15.2,8.3,5.5,4.6,4.2,3.3,2.7,2.7,2.2,4.1,10.7,5.5,4.1,9.7,5.3,8.3
IOWA,2019,2492793.0,67.3,64.7,3.7,3.2,3.3,12.4,6.3,3.7,3.5,3.1,2.7,2.3,1.8,1.8,3.3,10.6,6.9,4.8,7.8,5.8,7.6
KANSAS,2019,2278846.0,66.7,63.2,4.1,3.5,3.6,13.9,7.6,4.6,3.4,2.9,2.8,2.6,1.9,1.5,3.7,7.8,7.8,3.4,5.8,5.8,7.6
KENTUCKY,2019,3553869.0,59.3,55.7,5.6,5.1,5.1,16.8,9.5,6.5,5.4,5.1,3.7,2.9,2.9,3.3,5.1,9.5,9.8,3.2,5.0,6.5,11.4
LOUISIANA,2019,3682698.0,59.5,55.2,6.5,4.7,6.1,21.9,11.7,7.9,6.6,5.4,4.4,4.1,3.0,2.5,4.8,10.0,7.1,3.7,10.3,6.4,10.9
MAINE,2019,1114049.0,62.9,60.2,4.1,4.0,3.7,14.1,7.3,5.3,3.4,3.5,2.8,3.0,3.1,5.0,4.0,7.5,8.7,2.7,2.0,5.9,8.8
MARYLAND,2019,4827204.0,67.7,63.7,5.1,3.8,4.7,17.4,10.5,6.3,4.9,3.7,3.5,3.4,3.6,3.5,3.9,7.5,6.0,3.6,1.1,5.1,6.9
MASSACHUSETTS,2019,5648105.0,67.3,64.0,4.8,4.1,4.4,15.2,8.2,5.2,4.2,3.8,3.7,3.7,3.3,3.1,4.3,8.5,9.9,4.4,3.0,7.7,6.8
MICHIGAN,2019,8049769.0,61.5,57.8,5.9,4.6,5.5,17.7,10.2,7.1,5.8,4.8,4.2,3.8,3.4,2.9,4.7,13.3,7.8,4.4,4.2,7.1,10.2
MINNESOTA,2019,4410576.0,69.7,67.1,3.6,2.9,3.3,11.0,6.0,3.9,3.2,2.8,2.7,2.9,2.2,2.4,3.0,8.8,12.6,4.3,4.7,6.1,7.4
MISSISSIPPI,2019,2354101.0,57.2,52.5,7.5,5.2,7.0,25.5,14.5,10.4,7.5,6.2,4.6,4.1,2.7,2.7,5.2,11.1,13.4,5.4,0.0,4.5,11.6
MISSOURI,2019,4881733.0,63.0,59.7,4.6,3.9,4.2,13.6,7.7,5.5,4.4,3.6,3.4,3.1,2.6,3.2,3.9,9.2,7.9,3.3,4.9,5.0,7.9
MONTANA,2019,847280.0,63.4,60.5,4.0,3.5,3.8,11.3,7.1,4.4,3.2,3.7,3.0,2.9,2.4,2.7,3.5,6.6,13.1,2.7,5.4,3.0,6.6
NEBRASKA,2019,1491786.0,69.7,67.0,3.3,2.6,2.9,13.5,5.8,3.6,2.5,2.6,2.3,2.0,1.5,1.9,2.9,8.0,13.1,4.8,7.0,5.5,6.9
NEVADA,2019,2366398.0,63.7,59.4,6.2,5.5,5.7,19.9,9.4,6.5,5.7,4.9,5.0,5.0,5.1,6.4,5.6,10.3,10.1,4.8,7.6,6.0,8.7
NEW HAMPSHIRE,2019,1121659.0,67.7,65.1,3.6,3.4,3.3,10.9,7.0,3.9,3.2,2.8,2.4,2.9,2.6,2.6,3.5,8.1,2.6,3.4,13.1,8.7,6.3
NEW JERSEY,2019,7148309.0,65.6,61.9,5.5,4.6,5.2,17.9,11.2,6.1,4.9,4.3,4.3,4.2,4.2,4.0,4.7,9.8,8.5,4.2,6.7,6.3,8.2
NEW MEXICO,2019,1661646.0,57.9,53.5,6.7,5.0,6.3,18.7,10.7,8.3,7.0,5.9,4.7,4.3,3.6,4.6,5.9,7.3,13.7,4.7,3.7,6.0,8.3
NEW YORK,2019,15936244.0,63.2,59.6,5.5,4.1,5.1,18.8,10.9,6.3,5.2,4.2,4.0,3.9,3.6,3.4,4.3,9.1,10.4,4.5,8.3,7.5,8.2
NORTH CAROLINA,2019,8233448.0,62.4,57.9,5.6,4.3,5.1,20.1,10.6,7.0,5.1,4.3,3.7,3.5,3.1,3.2,4.4,9.1,8.2,3.9,8.3,5.8,8.7
NORTH DAKOTA,2019,598271.0,70.3,67.2,2.8,2.2,2.5,9.9,4.1,3.2,2.1,1.9,2.4,1.9,1.6,0.6,2.2,7.3,11.5,1.3,16.1,4.5,3.6
OHIO,2019,9356584.0,63.3,59.8,5.3,4.3,4.9,16.5,9.1,6.3,5.2,4.5,3.8,3.2,3.1,3.0,4.3,11.5,11.9,3.7,9.4,7.5,10.5
OKLAHOMA,2019,3080177.0,61.2,57.5,5.1,4.2,4.7,16.4,8.6,5.8,5.0,4.2,3.7,3.3,2.3,2.0,4.3,9.5,7.5,3.3,7.1,4.8,7.0
OREGON,2019,3361188.0,62.4,58.9,5.5,5.2,5.0,18.9,9.4,5.9,5.0,4.1,4.2,4.1,3.9,4.6,5.2,9.0,11.5,4.4,3.3,5.8,8.5
PENNSYLVANIA,2019,10442963.0,62.8,59.4,5.3,4.2,4.9,16.7,10.0,6.1,5.1,4.3,3.8,3.6,3.3,3.2,4.4,11.1,10.8,4.9,3.5,9.5,9.7
RHODE ISLAND,2019,876019.0,64.8,60.9,5.4,4.4,5.0,16.7,9.5,6.2,4.9,4.3,4.0,3.5,3.4,2.5,4.7,9.7,15.6,5.2,0.0,8.2,11.3
SOUTH CAROLINA,2019,4044398.0,60.5,56.3,5.8,4.5,5.4,18.3,11.1,7.0,5.8,4.4,3.9,3.7,2.7,3.3,4.5,9.1,7.2,3.7,7.2,4.8,8.6
SOUTH DAKOTA,2019,679043.0,68.1,65.4,3.4,2.2,3.2,10.7,6.5,4.1,3.0,2.8,2.5,2.1,1.6,1.0,2.4,3.8,18.8,4.0,0.0,1.7,7.6
TENNESSEE,2019,5377153.0,61.4,57.8,5.3,4.5,4.9,15.7,9.2,6.7,5.2,4.4,3.6,3.3,2.9,3.3,4.5,8.9,5.2,3.3,16.9,5.5,7.8
TEXAS,2019,21736238.0,64.7,61.0,5.1,4.1,4.7,17.0,9.0,5.6,4.5,3.9,3.6,3.6,3.4,2.8,4.6,7.8,6.7,4.0,6.0,5.0,6.5
UTAH,2019,2273074.0,68.5,65.9,3.6,3.3,3.1,11.7,5.3,3.0,3.3,2.4,2.6,2.2,1.7,1.7,3.3,6.4,9.0,3.5,5.7,4.3,5.9
VERMONT,2019,522206.0,65.5,63.0,3.6,3.5,3.3,11.6,7.0,4.4,3.3,2.4,2.4,2.8,2.2,2.6,3.5,4.4,4.4,3.2,0.0,10.4,5.6
VIRGINIA,2019,6799060.0,65.9,61.1,4.6,3.8,4.2,16.6,9.1,5.7,4.4,3.5,3.2,2.9,2.5,2.0,3.9,7.3,6.2,3.3,6.9,5.1,6.7
WASHINGTON,2019,5941281.0,64.5,60.5,5.0,4.5,4.5,18.1,8.8,5.5,4.6,3.8,3.8,3.3,2.8,3.7,4.6,7.8,10.5,3.9,6.9,6.0,7.2
WEST VIRGINIA,2019,1491316.0,53.3,49.7,6.5,6.4,6.2,21.1,12.9,8.7,7.3,5.7,4.3,2.9,2.7,2.7,6.4,10.5,9.3,3.6,45.5,5.5,10.6
WISCONSIN,2019,4659582.0,66.5,64.0,3.6,3.0,3.3,10.0,6.1,4.3,3.6,2.8,2.6,2.4,2.2,2.5,3.0,10.0,9.2,3.6,4.3,5.3,8.3
WYOMING,2019,459282.0,66.4,62.8,4.5,4.1,4.1,13.8,7.2,4.8,4.1,3.4,3.7,2.5,3.7,4.1,4.2,8.9,12.5,2.9,12.1,7.4,6.9
